school_id,school_name,district_id,num_test_takers,test_coverage,average_score
207795,5040 PEDRO RUIZ,70101,38,90.47619,624.540697
207803,5041,70103,32,74.418605,672.498894
207845,5031 CESAR VALLEJO,70101,53,94.642857,581.662211
207852,5032 ENRIQUE DEL HORME,70101,52,96.296296,590.868747
207894,5019 - AUGUSTO CAZORLA,70101,68,100.0,564.494987
207951,5022 FRANCISCO IZQUIERDO RIOS,70102,41,89.130435,605.091964
207985,5023 ABELARDO GAMARRA,70101,77,98.717949,636.268876
207993,5024,70101,91,96.808511,672.08237
208025,REPUBLICA DE VENEZUELA,70101,49,96.078431,618.832045
208058,5027 ARTURO TIMORAN DE LA H.,70104,90,95.744681,640.311314
208082,5028 SANTA RITA DE CASIA,70104,10,83.333333,528.067179
208116,5030 TNTE. CRNEL. LEOPOLDO PEREZ SALMON,70103,105,98.130841,746.748714
208207,5013 - JOSE GALVEZ BARRENECHEA,70105,49,96.078431,638.415484
208330,4010 HERMANOS RAFAEL SAMUEL Y EMILIO MOISES GOMEZ PAQUIYAURI,70101,94,97.916667,706.544162
208348,4011 LA TABOADA DE LAS FRESAS,70101,26,96.296296,636.798901
208371,4015 AUGUSTO SALAZAR BONDY,70103,67,95.714286,641.840367
208389,4016 NESTOR GAMBETA BONATTI,70101,140,95.890411,644.956065
208405,4018 ABRAHAM VALDELOMAR,70101,38,92.682927,622.228753
208413,5001 LUISA DE SABOGAL,70101,37,97.368421,610.961414
208462,5003 - VIRGEN DE LA I. CONCEPCION,70101,48,85.714286,508.491283
208496,5005 GENMO DON JOSE DE SAN MARTIN,70101,134,95.714286,585.213934
208520,5006 ALBERTO SECADA,70101,51,85.0,571.946227
208538,5007 NUESTRA SEÑORA DE GUADALUPE,70101,25,75.757576,518.710583
208546,4004 SAN MARTIN DE PORRES,70104,102,95.327103,626.288391
208553,4005 ALMTE. MIGUEL GRAU SEMINARIO,70104,21,84.0,782.498651
208561,4006 SANTA ROSA DE AMERICA,70101,62,96.875,602.700401
208579,4007 VIRGEN DEL PILAR,70101,43,89.583333,701.56542
208587,4008 NUESTRA SEÑORA DE FATIMA,70101,21,87.5,582.738075
208652,5051 VIRGEN DE FATIMA,70106,131,97.761194,692.406118
208694,5052 VIRGEN DE LA MERCED,70106,103,91.150442,708.527535
208710,5053 - VICTOR ANDRES BELAUNDE,70106,172,92.972973,692.206491
208736,4001 DOS DE MAYO,70101,28,96.551724,598.652068
208751,4003 SANTA MARIA MAZZARELLO,70101,30,100.0,830.150564
215277,LICEO NAVAL CAPITAN DE CORBETA MANUEL CLAVERO,70106,100,100.0,643.977215
215590,5042 - JUAN FRANCISCO DE LA BODEGA Y CUADRA,70101,98,89.908257,664.904445
215616,5043 SAN MARTIN DE PORRES,70103,69,94.520548,657.916981
215632,5044 - BANDERA DE LA PAZ,70103,112,94.117647,675.926892
215657,5046 - JOSE GALVEZ EGUSQUIZA,70101,75,97.402597,619.808634
215665,5045 MARIA REICHE,70101,11,78.571429,629.662391
215707,5048 MARISCAL RAMON CASTILLA,70101,74,90.243902,618.177042
215723,5049 EMMA DETTMANN DE GUTIERREZ,70101,38,97.435897,654.07694
215848,5035,70103,36,81.818182,639.049997
215863,5036 RAFAEL BELAUNDE DIEZ CANSECO,70101,36,100.0,701.9308
215897,5037 ALMIRANTE MIGUEL GRAU,70101,81,93.103448,613.910544
215921,5039 DIVINA PASTORA,70101,21,91.304348,584.285908
217554,3010 RAMON CASTILLA,150128,28,87.5,640.230687
246439,20691,151004,7,100.0,606.000609
246454,20693,151006,6,100.0,811.341846
246462,20694 APOSTOL SANTIAGO,151007,6,100.0,607.146899
246538,20701 TUPAC AMARU,151014,7,100.0,763.707674
246579,20705,151016,9,100.0,594.720791
246637,20711,151019,5,83.333333,527.006861
246645,20712 SANTA ANA DE TANA,151019,5,100.0,601.343803
246694,20717 SAN PEDRO DE CUSI,151011,8,100.0,820.777847
246777,20725 SAN LORENZO DE PUTINZA,151023,12,100.0,573.259685
246827,20730 JUAN DE LA MATA MICHUY R.,151024,6,100.0,839.211035
246900,20738,151030,6,100.0,735.412037
246934,20741 SEÑOR DE LOS MILAGROS,151008,10,100.0,654.832587
247031,20751 FRAY JOSE MARIA GAGO MARIN,151001,15,100.0,708.106441
247080,20756,151003,5,100.0,684.693456
247114,20759 VILLAFRANCA,151006,3,100.0,663.243494
247155,20763,151016,5,100.0,691.7718
247320,20780,151008,11,100.0,615.079751
247379,20786 VICTOR RAUL HAYA DE LA TORRE,150806,49,100.0,532.757906
247395,20788 JUAN VELASCO ALVARADO,150605,12,50.0,626.460701
247411,20790,150205,57,98.275862,665.172831
247429,20791,150802,5,100.0,473.589721
247437,20793 LIBERTADOR DON JOSE DE SAN MARTIN,150601,34,97.142857,697.482603
247445,20794 EUSEBIO MENARD,150714,6,100.0,477.066802
247452,20795,150510,59,95.16129,569.660527
247460,20796,150509,15,75.0,583.89153
247478,20798,150507,40,93.023256,585.969916
247486,20799 DANIEL ALCIDES CARRION,150605,113,100.0,691.311128
247502,20801,150811,7,100.0,541.521765
247510,20802,150604,14,100.0,583.386957
247528,20803 ROSA DE SANTA MARIA,150605,10,90.909091,518.574461
247536,20809,150810,6,100.0,701.727811
247544,20811 REPUBLICA DE COLOMBIA,150727,24,96.0,539.238139
247551,20825 TUPAC AMARU II,150728,24,88.888889,556.778773
247569,20826 SAN JUAN BAUTISTA,150601,19,95.0,661.124364
247593,20829,150713,6,100.0,551.110008
247601,20830 HEROES DEL CENEPA,150806,23,92.0,571.892235
247619,20831,150509,28,100.0,571.240409
247627,20832,150203,20,100.0,787.178996
247684,21001,150507,157,97.515528,576.691208
247692,20874,150501,111,98.230088,652.658378
247718,21004,150401,27,84.375,684.999133
247726,21007 FELIX B. CARDENAS,150810,42,89.361702,624.791586
247742,20983 JULIO C. TELLO,150805,54,100.0,594.679663
247759,21008 LUIS ALBERTO DE LAS CASAS A.,150605,32,100.0,653.213451
247767,21009 LUIS FELIPE SUBAUSTE DEL RIO,150601,237,96.734694,700.840131
247775,21010 CLARA NICHOS MANSILLA,150601,83,98.809524,626.137516
247783,21011 VIRGEN DE LOURDES,150201,132,99.24812,679.130364
247791,21012,150201,191,98.963731,691.429638
247825,21015,150509,241,97.96748,593.823397
247833,LUIS FABIO XAMMAR JURADO,150810,221,97.787611,637.597188
247908,20840 SANTIAGO ERIK ANTUNEZ DE MAYOLO RYNNING,150731,19,95.0,497.940099
247932,21502 SEÑOR DE LOS MILAGROS,150906,11,100.0,554.143987
247940,20876,150510,7,100.0,617.637505
247973,21506,150507,28,96.551724,592.562399
247999,21508,150507,63,94.029851,538.001015
248013,21511,150514,12,92.307692,484.95949
248021,21512 CARLOS PEDRO SILVA LUYO,150514,32,91.428571,641.078891
248047,21514,150514,16,100.0,626.786081
248054,21515,150501,12,92.307692,588.000265
248088,21518,150501,6,66.666667,490.535716
248138,21524,150509,6,100.0,480.410149
248187,21529,150501,8,100.0,556.548918
248203,21531,150501,49,100.0,736.348759
248229,21533,150501,8,100.0,656.965762
248294,21544 HORACIO ZEBALLOS GAMEZ,150811,122,96.825397,603.816667
248385,21556 LOS VENCEDORES DE TORRE BLANC,150605,12,100.0,631.630949
248393,21557 INMACULADA CONCEPCION,150601,8,100.0,499.852312
248419,21559 ANTONIO GRAÑA ELIZALDE,150601,28,100.0,597.513453
248443,21562 OSCAR BERCKEMEYER PAZOS,150601,23,100.0,744.932271
248518,21571 RICARDO PALMA SORIANO,150201,23,100.0,565.148433
248526,21572 MICAELA BASTIDAS,150201,17,100.0,513.791384
248559,21575,150203,26,100.0,616.964768
248575,21577,150202,36,100.0,631.583187
248583,21578,150202,122,98.387097,643.24918
248591,21579 ROSA SOTO DE MANRRIQUE,150203,11,78.571429,571.794256
248658,21585,150204,6,100.0,546.871121
248666,21586 ANDRES AVELINO CACERES,150204,20,100.0,609.622171
248757,21606,150201,13,92.857143,568.0628
248765,21607,150201,5,83.333333,637.194041
248955,20412 SANTO DOMINGO DE GUZMAN,150606,6,100.0,463.514304
249037,20420 RAMON CASTILLA,150608,6,100.0,463.944163
249110,SANTA CRUZ DE ANDAMARCA,150610,7,100.0,437.618713
249276,20444 JOSE ALEJANDRO LOPEZ DURAND,150604,22,100.0,693.402008
249284,20445 FAUSTINO CHINCHAY BEAS,150604,6,100.0,697.548627
249318,20448 NUESTRA SEÑORA DE LA ESPERANZA,150601,6,85.714286,390.103946
249326,20451 ANDRES AVELINO CACERES,150601,5,100.0,395.957192
249334,20453 STA. TERESITA DEL NIÑO JESUS,150601,15,93.75,510.013103
249466,20424 SAN MIGUEL ARCANGEL,150609,6,100.0,600.496026
249532,20475,150201,248,100.0,677.263887
249565,20478,150201,63,94.029851,712.52489
249581,20480 SANTA CATALINA,150201,13,100.0,579.244644
249730,20501 SANTA ROSA,150203,58,96.666667,580.433883
249755,20503 JOSE CARLOS MARIATEGUI,150202,57,98.275862,596.425563
249763,20504 SAN JERONIMO,150203,45,100.0,594.192224
249771,20505,150203,78,97.5,661.94565
249789,20506 JOSE A ENCINAS FRANCO,150203,14,93.333333,565.460815
249847,20516,150204,12,100.0,627.427884
249854,20517,150204,15,100.0,705.197728
249870,20519 VICTOR ARMANDO PINEDA TAGLE,150204,37,94.871795,640.306065
249888,20520,150204,34,89.473684,727.336729
249896,20521,150204,24,96.0,590.874947
249904,20522,150204,77,93.902439,672.451966
249912,20523 CORAZON DE JESUS,150204,101,90.990991,670.043919
249920,20524,150205,28,96.551724,632.454846
249938,20525,150205,44,95.652174,649.116765
249946,20526,150201,13,100.0,561.419024
249961,20528 VIRGEN DEL CARMEN,150201,12,80.0,660.879269
249995,20532,150202,7,100.0,444.496457
250043,20537 ANDRES AVELINO CACERES,150702,12,100.0,558.85941
250084,20541 SANTA ROSA,150703,6,85.714286,669.894367
250118,20544 JOSE CARLOS MARIATEGUI,150724,10,90.909091,599.608447
250142,20547 MANUEL A. ODRIA,150705,25,100.0,655.804068
250183,20551 CIRO ALEGRIA,150708,8,100.0,444.221398
250209,20553 JULIO CESAR TELLO ROJAS,150709,19,100.0,510.206163
250233,20556 FRANCISCO INKA,150710,6,100.0,569.128263
250266,20559 SAN JUAN,150711,7,100.0,576.882782
250308,20563 RICARDO PALMA,150701,12,100.0,483.049006
250340,20567 RICARDO BENTIN,150701,42,100.0,673.14219
250357,20568 MIGUEL GRAU,150701,19,95.0,569.402266
250373,20570 DANIEL ALOMIA ROBLES,150713,6,85.714286,547.957709
250399,20572 GLORIOSO SAN CRISTOBAL,150713,7,87.5,514.870509
250407,20573 JUAN PABLO II,150713,5,100.0,517.664593
250423,20575 JOSE ANTONIO ENCINAS FRANCO,150714,81,100.0,589.225363
250449,20577 MARIO VARGAS LLOSA,150715,6,100.0,535.085821
250456,20578 CESAR A. VALLEJO,150715,14,93.333333,502.11291
250480,20581 SAN BARTOLOME,150717,6,100.0,619.791917
250514,20584,150718,32,96.969697,739.588236
250589,20591 MARIA RECUAY,150721,17,100.0,650.722798
250613,20595 JOSE GABRIEL CONDORCANQUI,150722,78,98.734177,635.777769
250654,20599 JORGE BASADRE,150723,9,100.0,556.805639
250688,20602 JOSE MARIA ARGUEDAS,150727,20,95.238095,584.20676
250712,20605 VIRGEN DEL CARMEN,150728,38,100.0,535.371765
250738,20607 APOSTOL SANTIAGO,150729,9,100.0,400.687233
250761,20610 GERVASIO CLEMENTE VALENCIA,150730,5,100.0,528.525696
250811,20615 SAN JERONIMO,150732,14,100.0,479.811417
250837,20733,151028,7,100.0,521.420741
250845,20618 CARMEN DE OSMA DE SANTA CRUZ,150702,6,75.0,545.056161
250910,20625 VIRGEN DE LA NATIVIDAD,150716,4,80.0,478.332498
251199,20653 SAN JUAN BAUTISTA PRECURSOR,150720,6,100.0,456.863431
251231,20657,150722,5,100.0,448.844173
251439,20677 JOSE FAUSTINO SANCHEZ CARRION,150731,5,100.0,541.36415
251470,20681,151002,5,100.0,857.296157
251496,20683 SANTO DOMINGO,151003,8,100.0,618.735181
251553,20109 JOSE MARIA ARGUEDAS,150901,75,100.0,681.415065
251645,20118,150808,7,100.0,507.972297
251660,20120 CESAR VALLEJO,150809,9,100.0,551.241354
251694,20123,150502,45,100.0,591.979717
251710,20125 NUESTRA SEÑORA DEL ROSARIO,150502,31,86.111111,644.415209
251769,20130 JESUS REY,150503,10,100.0,570.515752
251777,20131 JOSE OLAYA BALANDRA,150504,90,98.901099,598.792511
251819,20135,150505,164,91.620112,622.051735
251835,20137 SAN CRISTOBAL,151009,2,100.0,607.863331
251868,20140,151015,6,100.0,783.759229
251900,20144,150507,4,80.0,435.07794
251918,20145,150507,113,96.581197,645.389131
251926,20146,150507,86,95.555556,674.32819
251934,20147 ELADIO HURTADO VICENTE,150507,121,96.8,590.622197
251967,20150,150508,41,93.181818,694.231782
252007,20154,150508,16,100.0,607.894675
252015,20155,151020,9,100.0,494.101953
252049,20158 DOS DE MAYO,150509,37,92.5,628.362956
252080,20163 JORGE CHAVEZ DARTNELL,150510,35,100.0,685.20724
252106,20165 NUESTRA SEÑORA DE LOURDES,150510,56,96.551724,770.612283
252122,20167 MANUEL GONZALES PRADA,150510,85,97.701149,619.175365
252130,20168,150510,8,88.888889,666.834607
252148,20169,150510,27,100.0,693.110731
252155,20170,151022,5,100.0,613.093282
252197,20174,150511,22,88.0,607.368342
252205,20175,150511,5,100.0,801.758379
252213,20176,150512,12,92.307692,556.656382
252221,20177 SAN MARTIN DE PORRES,150512,79,91.860465,616.018862
252239,20178 SANTA ROSA DE LIMA,150512,111,100.0,609.938401
252247,20179 ALEJANDRO CAMACHO CUYA,150513,65,97.014925,634.667793
252262,20181,150514,34,89.473684,569.934599
252270,20182 ABRAHAM VALDELOMAR,150514,65,95.588235,548.675059
252320,20187 JOSE HIPOLITO UNANUE PAVON,150501,8,88.888889,509.971908
252338,20188,150501,108,99.082569,599.00744
252346,20189 NUESTRA SEÑORA DE LA CONCEPCION,150501,108,98.181818,540.975817
252353,20190 REPUBLICA DE CHILE,150501,120,98.360656,619.720871
252361,20191 ALFONSO UGARTE,150501,21,87.5,533.79795
252387,20193,150501,24,75.0,568.967065
252395,20194 JESUS DIVINO MAESTRO,150515,20,100.0,543.047764
252411,20196 SAN MIGUEL ARCANGEL,151032,10,100.0,495.347748
252437,20198,151032,9,100.0,568.005853
252452,20200,150516,18,100.0,564.642605
252643,20219,151009,5,100.0,591.95855
252742,20229,150508,5,100.0,568.531236
252791,20234 SANTA ROSA,151020,6,85.714286,579.397115
252809,20235 ALFONSO UGARTE BERNAL,151020,6,100.0,520.040757
252817,20236 JOSE OLAYA BALANDRA,150509,7,100.0,600.436323
252825,20237,150509,32,84.210526,707.798823
252841,20239,150510,10,90.909091,518.00848
252866,20241,150512,5,100.0,591.628991
252882,20243,150512,23,100.0,574.63025
252908,20245,150512,21,95.454545,520.984059
252940,20249,150501,11,91.666667,534.526787
252957,20250,150515,4,66.666667,491.425285
252973,20253 BUENOS AIRES,151032,8,100.0,620.293419
253039,20261,150402,7,100.0,603.789906
253070,20265 LOS ATAVILLOS,150603,5,100.0,438.198
253187,20277,150403,6,100.0,541.712813
253237,20282,150404,10,83.333333,589.529846
253294,20288,150405,9,81.818182,594.4581
253328,20291,150407,4,57.142857,550.459249
253344,20293,150407,41,91.111111,799.543732
253518,20311 NUESTRA SEÑORA DE LA ASUNCION,150802,17,94.444444,633.600083
253534,20313,150803,43,95.555556,614.849372
253542,20314,150803,26,89.655172,563.312308
253567,20316 MANUEL ILDAURO DE LOS SANTOS CAMONES,150801,11,100.0,531.263767
253583,20318 JOSE ANTONIO MACNAMARA,150801,87,98.863636,584.511778
253609,20320 DOMINGO MANDAMIENTO SIPAN,150805,56,91.803279,553.873813
253641,20325 SAN JOSE DE MANZANARES,150801,33,91.666667,503.366355
253658,20326,150805,23,82.142857,589.613015
253682,20329 JOSE CARLOS MARIATEGUI,150805,10,100.0,715.349564
253708,20331,150805,34,97.142857,572.03543
253716,20332 REINO DE SUECIA,150806,35,97.222222,605.151126
253732,20334 GENERALISIMO DON JOSE DE SAN MARTIN,150806,108,99.082569,649.611017
253765,20337,150807,13,92.857143,481.435198
253807,20341 MADRE TERESA DE CALCUTA,150810,20,95.238095,581.391183
253823,20343,150810,23,100.0,725.946833
253856,20346,150810,21,100.0,599.863178
253864,20347,150810,12,100.0,544.172562
253872,20348,150810,11,100.0,505.491768
253906,20351,150811,57,95.0,599.869463
253922,20353,150812,27,87.096774,657.673901
253930,20354 MANUEL EMILIO SCORZA TORRES,150812,14,100.0,609.787462
253955,20356  JESUS OBRERO,150812,87,98.863636,638.784354
253963,20357 CESAR VALLEJO MENDOZA,150812,50,92.592593,690.881992
253989,20359,150812,73,97.333333,593.573956
254037,20364,150801,6,100.0,559.492258
254052,20366 TUPAC AMARU II,150806,92,93.877551,631.050796
254110,20372,150807,8,88.888889,636.896722
254128,20374,150810,48,97.959184,565.290876
254201,20382 7 DE ENERO,150602,5,100.0,555.19128
254227,20384 GERMAN CARO RIOS,150603,7,100.0,565.778092
254243,20386 JORGE BASADRE,150604,70,97.222222,667.584046
254268,20388 JOSE CARLOS MARIATEGUI,150604,43,97.727273,606.020602
254276,20389,150604,17,100.0,724.519467
254284,20390 HORTENCIA DULANTO DE LAS CASA,150605,219,99.095023,688.703968
254292,20391 JORGE BRAVO DE RUEDA QUEROL,150605,139,97.202797,636.460807
254318,20393 TUPAC AMARU,150605,55,98.214286,666.29419
254326,20394 JORGE ORTIZ DUEÑAS,150605,22,88.0,599.930479
254334,20395 NUESTRA SEÑORA DE FATIMA,150605,58,100.0,632.034251
254342,20396 ANTONIO ARELLANO BUITRON,150601,16,100.0,592.818267
254375,20399 LA ESPERANZA,150601,18,100.0,557.243458
254409,20402 VIRGEN DE FATIMA,150601,239,96.761134,634.533172
254433,20404 CIRO ALEGRIA,150601,8,88.888889,585.510665
254458,20406,150601,45,90.0,639.817847
254466,20407 LOS NATURALES,150601,101,97.115385,757.947239
254490,EMMA MENA MELCHOR,150606,5,83.333333,420.931998
254573,20709,151018,9,100.0,707.224434
255125,20001,150301,26,96.296296,700.616424
255182,20007,150301,9,100.0,658.316036
255208,20009,150302,7,100.0,533.528435
255224,20011,150304,11,91.666667,645.163365
255281,20017,150303,11,100.0,632.554169
255349,20023,150305,8,100.0,634.523542
255364,20025,150301,6,100.0,464.09939
255489,20037,150305,8,100.0,728.393992
256891,20091 SAN MARTIN DE PORRES,150809,5,100.0,727.779652
256933,20095,150903,5,100.0,508.651883
264192,20049,150904,9,100.0,501.146864
264275,20057,150905,5,100.0,482.000628
264283,20058,150905,8,100.0,697.578478
264309,20060 SAN MIGUEL,150905,5,100.0,412.993936
264325,20062 ALEXANDER VON HUMBOLT,150901,13,100.0,612.900396
264366,20066 SIMON BOLIVAR,150901,103,100.0,667.048928
264390,20069,150901,13,100.0,534.610955
264408,20070 ANDRES A. CACERES,150901,11,100.0,640.760568
264457,20075,150906,37,97.368421,668.256579
264473,20077 ANTONIO RAYMONDI,150906,12,100.0,535.354483
264598,20089,150809,7,87.5,691.79841
282657,20820 NUESTRA SEÑORA DE FATIMA,150801,121,97.580645,668.256147
305789,6051 MERCEDES INDACOCHEA,150104,90,93.75,627.360619
314906,1205 ABELARDO QUIÑONES,150118,30,96.774194,667.322378
315275,1207,150114,38,100.0,639.618219
317040,ISABEL LA CATOLICA,150115,122,96.062992,646.364962
317073,020 MADRE TERESA DE CALCUTA,150115,24,85.714286,611.979828
317107,CESAR VALLEJO,150115,112,97.391304,652.110658
317131,0024 PEDRO ENRIQUE GONZALES SOTO,150103,179,98.351648,633.943042
317156,0025 SAN MARTIN DE PORRES,150103,130,95.588235,617.239216
317172,0026 AICHI NAGOYA,150103,58,93.548387,681.412446
317206,0028 JESUS Y MARIA,150114,28,96.551724,586.058224
317214,0029 MARCO PUENTE LLANOS,150103,71,97.260274,636.844503
317230,0031 ROBERT F. KENNEDY,150103,16,94.117647,668.440011
317255,0032 RAUL PORRAS BARRENECHEA,150103,44,93.617021,648.190289
317263,0033 VIRGILIO ESPINOZA BARRIOS,150118,76,95.0,618.294952
317289,0034,150103,109,91.596639,698.493243
317305,0051 JOSE F. SANCHEZ CARRION,150118,132,100.0,713.530976
317313,0052,150118,27,100.0,627.151262
317347,0055 MANUEL GONZALES PRADA,150118,54,94.736842,710.209565
317370,0058,150118,133,100.0,694.192792
317388,0059 SANTA MARIA GORETTI,150118,65,97.014925,637.758368
317396,0060,150118,5,71.428571,486.600118
317438,0063,150118,22,75.862069,650.360751
317453,0065 MARISCAL ANDRES A. CACERES,150118,32,91.428571,758.694571
317461,PLANTELES DE APLICACION DE UNE,150118,52,98.113208,635.5921
317479,0067 SANTA ELENA,150103,61,98.387097,649.370559
317495,0074 FERNANDO BELAUNDE TERRY,150103,35,92.105263,581.985822
317511,0082 LA CANTUTA,150134,34,100.0,655.006637
317529,0083 SAN JUAN MASIAS,150134,152,96.815287,631.745955
317560,500 EL BOSQUE,150103,43,95.555556,729.646706
317578,501 MONSEÑOR DAMASO LEBERGERE,150115,34,97.142857,575.935768
317586,0502 ENRIQUE LOPEZ ALBUJAR,150118,11,91.666667,529.466175
317610,1051 EL OLIVAR,150131,52,98.113208,632.171029
317750,1059 MARIA INMACULADA,150116,107,96.396396,608.627074
317933,1070 MELITON CARVAJAL,150116,97,97.979798,652.062683
317941,1071 ALFONSO UGARTE,150131,65,92.857143,629.3233
318048,1088 FRANCISCO BOLOGNESI,150120,48,96.0,635.380402
318063,1094 JACARANDA,150120,42,93.333333,565.230533
318089,1090 CRNL FAP MARCO ANTONIO SCHENONE OLIVA,150120,33,97.058824,611.132864
318204,1098 CAP FAP JOSE ABELARDO QUIÑONES,150113,67,95.714286,651.882625
318212,1099 COMP EDUC EXP AUGUSTO PEREZ ARANIBAR,150120,22,91.666667,578.404966
318287,1104 CRNEL. FAP VICTOR MALDONADO BEGAZO,150120,91,97.849462,678.877448
318303,1105 LA SAGRADA FAMILIA,150115,72,91.139241,633.565315
318352,1107 JAVIER PRADO,150115,48,94.117647,536.581372
318436,1110 REPUBLICA DE PANAMA,150115,76,97.435897,597.823736
318451,1111 JOSE ANTONIO ENCINAS,150115,80,95.238095,672.559791
318477,1112 VICTOR ANDRES BELAUNDE,150115,59,96.721311,616.008794
318576,1117 ANDRES AVELINO ARAMBURU,150115,20,90.909091,527.651649
318584,1201 PAUL HARRIS,150115,33,89.189189,552.51899
318618,1119 NUESTRA SEÑORA DEL ROSARIO DE FATIMA,150115,77,100.0,631.832267
318642,1120 PEDRO A. LABARTHE,150115,157,88.202247,643.422524
318683,1123 SAGRADO CORAZON DE JESUS,150115,76,98.701299,628.510701
318709,1124 JOSE MARTI,150115,69,85.185185,526.050996
318741,1127 LINCOLN,150115,86,95.555556,607.425975
318766,1128 SAN LUIS,150134,51,87.931034,587.012362
318782,1129 CORAZON DE JESUS,150115,29,93.548387,581.488766
318824,1131 ROMULO ADRIAN CORDOVA HUAMAN,150115,52,88.135593,538.81448
318865,1133 SANTISIMA VIRGEN DE FATIMA,150134,115,92.0,669.380509
318907,1135,150103,172,91.97861,679.015819
318923,1136 JOHN F. KENNEDY,150103,39,97.5,654.80246
318931,1209 MARISCAL TORIBIO DE LUZURIAGA,150103,109,99.090909,669.303032
318949,1137 JOSE ANTONIO ENCINAS,150137,119,91.538462,655.515063
318964,1138 JOSE ABELARDO QUIÑONES,150103,91,97.849462,651.671942
318998,1140 AURELIO MIRO QUESADA SOSA,150114,179,94.210526,693.043046
319004,1142,150103,69,97.183099,652.526092
319020,1143 DOMINGO FAUSTINO SARMIENTO,150103,261,98.120301,711.709816
319046,1188 JUAN PABLO II,150107,22,91.666667,663.464936
319061,1189 ALBERTO RIVERA Y PIEROLA,150107,82,93.181818,663.336106
319087,1190 F.HUAMAN POMA DE AYALA,150118,105,100.0,638.957827
319129,1192 FLORENTINO PRAT,150107,49,100.0,643.494371
319145,1193 EMILIO DEL SOLAR,150118,80,100.0,595.235329
319160,1194,150118,28,93.333333,665.97361
319186,1195 CESAR VALLEJO,150118,19,95.0,670.284424
319202,1196,150118,15,100.0,576.163621
319228,1197 NICOLAS DE PIEROLA,150118,30,93.75,527.267164
319244,1198,150118,46,95.833333,661.789934
319269,1199 MRCAL RAMON CASTILLA,150107,94,92.156863,638.02202
319285,1200 SANTA MARIA,150118,14,87.5,554.320304
319319,1214 SEÑOR DE LOS MILAGROS,150120,46,93.877551,623.747866
320143,MADRE ADMIRABLE,150134,131,95.620438,637.932676
322453,7031 REINA DE LA FAMILIA,150141,22,84.615385,597.751876
322461,7032 VIRGEN DEL PILAR,150104,37,92.5,609.700881
322503,7034 ENRIQUE NERINI COLLAZOS,150108,27,77.142857,587.251329
322529,6085 BRIGIDA SILVA DE OCHOA,150108,48,90.566038,689.363396
322537,7036 ANGELICA RECHARTE CORRALES,150108,82,76.635514,640.420779
322552,7037 ARIOSTO MATELLINI ESPINOZA,150108,108,96.428571,651.480748
322560,7038 CORAZON DE JESUS DE ARMATAMBO,150108,38,82.608696,551.702635
322644,7042 SANTA TERESA DE VILLA,150108,57,91.935484,647.905573
322677,7043 CORAZON DE JESUS,150104,24,85.714286,520.733308
322685,7044 SAN MARTIN DE PORRES,150108,104,92.857143,597.307442
322727,7047 TACNA,150104,58,96.666667,631.052246
322743,7048 MANUEL MONTERO BERNALES,150104,89,95.698925,653.936547
322768,7049 JOSE ABELARDO QUIÑONES,150104,17,80.952381,639.441107
322784,7050 NICANOR RIVERA CACERES,150104,68,88.311688,603.228651
322826,7052 MARIA INMACULADA,150108,95,95.0,641.647229
322859,7054,150143,164,93.714286,646.754646
322875,7055 TUPAC AMARU II,150143,111,91.735537,572.925995
322891,7056 SAN MARTIN DE PORRES,150119,124,92.537313,639.414632
322909,7057 SOB.ORDEN MILITAR DE MALTA,150143,170,98.837209,629.608309
322925,7058 MARIA DE FATIMA,150140,114,91.2,669.222555
322933,7059 JOSE ANTONIO ENCINAS FRANCO,150133,110,99.099099,661.123776
322958,7060 ANDRES AVELINO CACERES,150133,30,93.75,576.349893
322974,7029 VIRGEN MILAGROSA,150130,70,85.365854,726.046911
323170,7001 ANDRES BELLO,150122,45,95.744681,524.02084
323212,7062 NACIONES UNIDAS,150133,89,89.89899,613.93529
323238,7063 ANDRES AVELINO CACERES,150133,78,93.975904,644.755884
323253,7064 MARIA AUXILIADORA,150108,84,97.674419,656.080031
323295,7066 ANDRES AVELINO CACERES,150108,77,92.771084,608.76864
323311,7067 TORIBIO SEMINARIO,150133,31,100.0,496.210933
323337,7068 ABRAHAM ROLDAN POMA,150140,58,76.315789,725.324762
323352,7069 CESAR VALLEJO,150133,102,86.440678,638.549782
323378,7070 DRA.MARIA REICHE GROSSE NEUMAN,150133,207,96.728972,663.245224
323394,7072 SAN MARTIN DE PORRES,150142,53,92.982456,552.942766
323410,FAP JOSE ABELARDO QUIÑONES,150114,83,93.258427,686.720871
323444,6086 SANTA ISABEL,150108,111,97.368421,628.794965
323451,APLICACION IPNM,150140,29,96.666667,638.823058
323527,6084 SAN MARTIN DE PORRES,150143,23,85.185185,588.927732
323733,7053 REINO DE ESPAÑA,150104,44,95.652174,759.802191
323865,FE Y ALEGRIA 3,150133,119,100.0,675.236197
323873,FE Y ALEGRIA 17,150142,139,98.58156,725.923527
325787,1014 REP. ORIENTAL DEL URUGUAY,150105,40,95.238095,534.522228
325803,1016 JOHN F. KENNEDY,150101,37,100.0,590.454043
325845,1019 CHAVIN,150105,51,100.0,688.363018
327551,7003 MANUEL FERNANDO BONILLA,150122,43,97.727273,668.188578
327627,7008 SCIPION LLONA,150122,32,96.969697,650.271604
327692,7012 JESUS DE LA MISERICORDIA,150141,57,86.363636,593.518068
327734,7014 VASIL LEVSKI,150141,82,97.619048,671.00804
327866,7022 ALBERT EINSTEIN,150141,87,92.553191,665.470332
327908,7024,150141,29,80.555556,680.348916
327965,7027 NUESTRA SEÑORA DE LA ALEGRIA,150141,34,79.069767,595.443012
327981,7028 MARCO A.SCHENONE OLIVA,150141,30,93.75,547.692629
328013,6027 CAP FAP RUDY ECHEGARAY FAJARDO,150127,61,96.825397,670.886997
328021,6028 JUAN VELASCO ALVARADO,150123,24,92.307692,725.364084
328039,6029 BARTOLOME MITRE,150143,164,98.203593,616.169132
328047,6030 VICTOR A BELAUNDE DIEZ CANSECO,150126,61,98.387097,559.826005
328054,6031 SANTA MARIA DE LURIN,150119,126,91.970803,625.973698
328062,6032 ALMIRANTE MIGUEL GRAU SEMINARIO,150143,134,93.055556,567.440015
328070,6033,150143,60,100.0,633.014856
328088,6034 CESAR CARBONELL RODRIGUEZ,150133,54,100.0,650.15137
328120,6037 INCA PACHACUTEC,150133,53,85.483871,567.222735
328146,6038,150133,131,93.571429,562.520867
328153,6039 FERNANDO CARBAJAL SEGURA,150103,52,94.545455,644.428898
328161,6041,150133,64,90.140845,544.606898
328187,6043 PEDRO VENTURO,150140,62,100.0,709.435999
328195,6044 JORGE CHAVEZ,150140,36,92.307692,625.083561
328203,6045 DOLORES CAVERO DE GRAU,150133,50,84.745763,553.467545
328229,6046,150133,146,96.052632,607.42112
328237,6047 JOSE MARIA ARGUEDAS,150140,73,86.904762,697.779422
328252,6049 RICARDO PALMA,150141,92,95.833333,718.773173
328260,6050 JUANA ALARCO DE DAMMERT,150122,166,97.647059,682.138298
328286,6052 JOSE MARIA EGUREN,150104,100,94.339623,611.666866
328294,6053 SAGRADO CORAZON,150108,65,97.014925,672.734559
328310,6055 VIRGEN DE FATIMA,150123,13,76.470588,528.449644
328328,6056,150143,65,91.549296,623.213705
328336,6057 VIRGEN DE LOURDES,150143,94,94.949495,497.189892
328344,7073,150143,89,97.802198,614.829814
328351,6059 SAGRADO CORAZON DE JESUS,150143,175,95.628415,584.792187
328369,6060 JULIO CESAR TELLO,150143,77,93.902439,604.098809
328377,6061 CORONEL FRANCISCO BOLOGNESI,150123,5,83.333333,487.746409
328385,6062 PERU EEUU,150142,103,90.350877,632.787424
328393,6063 JOSE CARLOS MARIATEGUI,150142,80,89.88764,629.194186
328401,6064 FRANCISCO BOLOGNESI,150142,95,84.070796,576.432346
328419,6065 PERU INGLATERRA,150142,83,89.247312,599.240257
328427,6066 VILLA EL SALVADOR,150142,179,98.895028,644.787575
328435,6067 JUAN VELASCO ALVARADO,150142,49,94.230769,634.850871
328443,6068 MANUEL GONZALES PRADA,150142,149,98.675497,735.17515
328450,6069,150142,134,96.402878,633.473622
328468,6070 HEROES DEL ALTO CENEPA,150142,89,89.0,642.35589
328476,6071 REPUBLICA FEDERAL DE ALEMANIA,150142,145,92.356688,670.314921
328484,6072,150143,85,94.444444,677.667369
328492,6075 JOSE MARIA ARGUEDAS,150108,113,96.581197,636.650567
328500,6076 REPUBLICA DE NICARAGUA,150142,87,92.553191,640.753306
328518,6078,150133,94,93.069307,632.761255
328526,6079 SANTISIMA NIÑA MARIA,150130,78,93.975904,679.287741
328534,6080 ROSA DE AMERICA,150142,46,95.833333,594.492537
328542,6081 MANUEL SCORZA TORRES,150143,99,86.842105,615.510334
328559,6082 LOS PROCERES,150140,160,97.560976,637.118523
328567,6073 JORGE BASADRE,150143,99,90.825688,596.678314
328864,6087 PABLO MARIA GUZMAN,150140,48,92.307692,682.876705
328872,6088,150109,48,100.0,647.083483
328914,6006 SANTISIMA VIRGEN DE LOURDES,150123,106,97.247706,620.550253
328922,6007,150123,53,100.0,606.484538
328930,6008 JOSE ANTONIO DAPELO,150119,90,93.75,627.410644
328948,6009 MIGUEL GRAU SEMINARIO,150124,55,94.827586,533.875486
328955,6010 HILDA B.CARRILLO,150124,48,90.566038,612.706707
328963,6011 SANTISIMA VIRGEN DE FATIMA,150143,221,95.258621,656.277898
328971,6012,150119,4,66.666667,432.230124
328989,6013 VIRGEN INMACULADA DEL ROSARIO,150129,92,96.842105,605.009286
328997,6014,150143,55,84.615385,574.175415
329003,6015 SANTISIMO SAGRADO CORAZON DE JESUS,150143,132,80.0,620.74336
329011,6016 JESUS SALVADOR,150123,34,94.444444,690.021178
329029,6017,150143,47,95.918367,617.777525
329045,6019 MARIANO MELGAR,150143,65,91.549296,598.906834
329052,6020,150143,59,98.333333,607.544643
329060,6023,150119,63,96.923077,780.899758
329128,7061 HEROES DE SAN JUAN,150133,74,91.358025,671.0261
331702,105 PEDRO CORONADO ARRASCUE,150101,6,100.0,664.927108
332213,111 SAN JOSE DE ARTESANOS,150101,35,89.74359,601.278301
333666,6022,150143,126,93.333333,696.139167
333674,6024 JOSE MARIA ARGUEDAS,150143,121,88.321168,566.840813
333682,6025,150143,85,98.837209,557.091931
333690,6026 VIRGEN DE FATIMA,150119,75,88.235294,577.201969
334094,1040 REPUBLICA DE HAITI,150101,26,96.296296,628.196211
334821,0001 MARIA AUXILIADORA,150101,54,96.428571,713.960217
334839,0002 HERMANO ANSELMO MARIA,150105,45,95.744681,585.730371
334847,0004 MARIANO MELGAR,150105,49,98.0,686.773154
334862,0005 ROSA DE SANTA MARIA,150105,91,95.789474,654.42115
334896,0009 JOSE MARIA ARGUEDAS,150111,49,94.230769,610.55592
334904,0011 MADRE LORETO GABARRE,150121,60,100.0,579.595328
334912,0013 BERNARDO O'HIGGINS,150121,26,96.296296,583.412953
334920,0014 ANDRES BELLO,150121,84,97.674419,654.404851
334938,0035 NUESTRA SEÑORA DE LA VISITACION,150101,42,93.333333,597.429017
334961,0038 SAN MARTIN DE PORRES,150101,19,95.0,631.10211
334979,0040 HIPOLITO UNANUE,150101,56,96.551724,638.736416
334987,0043 SAN CRISTOBAL,150132,31,93.939394,635.794919
334995,FE Y ALEGRIA 04,150132,192,98.969072,683.5864
335000,0045 SAN ANTONIO,150132,17,80.952381,595.924209
335018,046 LOS LIBERTADORES DE AYACUCHO,150111,55,87.301587,599.18018
335026,047 SEÑOR DE LOS MILAGROS,150111,45,95.744681,772.535967
335034,048 SAN JUAN BOSCO,150111,33,78.571429,725.260418
335042,0049 ANTONIA MORENO DE CACERES,150111,74,96.103896,652.358574
335067,0069 MACHU PICCHU,150132,93,95.876289,579.203731
335083,0071 NUESTRA SEÑORA DE LA MERCED,150132,51,92.727273,600.325347
335091,0073 BENITO JUAREZ,150132,158,98.136646,708.698812
335109,0076 MARIA AUXILIADORA,150132,24,92.307692,669.691378
335117,0085 JOSE DE LA TORRE UGARTE,150111,72,100.0,630.279452
335125,0086 JOSE MARIA ARGUEDAS,150132,160,93.567251,642.027267
335133,0087 JOSE MARIA ARGUEDAS,150132,92,90.196078,563.84406
335141,0088 NUESTRA SRA. DEL CARMEN,150132,90,94.736842,682.534609
335158,0089 MANUEL GONZALES PRADA,150132,131,100.0,623.276455
335166,0090 DANIEL ALCIDES CARRION,150132,71,87.654321,666.171782
335174,0091 SANTA FE,150132,32,94.117647,767.551313
335182,0092 ALFRED NOBEL,150132,92,95.833333,649.861181
335224,PNP TUPAC AMARU,150101,58,100.0,704.554422
336297,1001 JOSE JIMENEZ BORJA,150101,40,93.023256,653.657639
336339,1003 REPUBLICA DE COLOMBIA,150105,17,100.0,567.060444
336370,1005 JORGE CHAVEZ DARTNELL,150105,69,98.571429,600.471443
336438,1008 VIRGEN DE LOURDES,150105,38,90.47619,627.930957
337980,1017 SEÑOR DE LOS MILAGROS,150105,46,95.833333,537.623443
338012,1021 REPUBLICA FEDERAL DE ALEMANIA,150101,24,85.714286,649.085014
338087,1025 MARIA PARADO DE BELLIDO,150111,69,92.0,618.296236
338129,1027 REPUBLICA DE NICARAGUA,150101,17,100.0,525.376768
338145,1028 REPUBLICA ARGENTINA,150101,17,94.444444,534.370092
338186,1030 REPUBLICA DE BOLIVIA,150101,22,81.481481,548.647003
338228,1032 REPUBLICA DEL BRASIL,150101,42,87.5,532.25421
338301,1036 REPUBLICA DE COSTA RICA,150101,74,87.058824,608.671737
338327,1037 RAMON ESPINOSA,150101,22,81.481481,638.914128
338343,1038 MARIA PARADO DE BELLIDO,150101,72,98.630137,630.957655
338467,1044 MARIA REICHE NEWMANN,150111,28,75.675676,676.615178
338491,1045 NUESTRA SEÑORA DE FATIMA,150111,71,95.945946,638.106835
338517,1046 JULIO RAMON RIBEYRO,150111,21,91.304348,752.527929
338525,1047 JUANA INFANTES VERA,150111,45,86.538462,702.072494
338541,1048 VIRGEN PURISIMA,150101,14,66.666667,603.426572
338566,1049 JUANA ALARCO DE DAMMERT,150101,28,93.333333,557.352345
338574,VIRGO POTENS,150101,159,98.757764,703.038791
338640,1073 HERMANN BUSE DE LA GUERRA,150121,54,91.525424,717.230595
338665,1074 REPUBLICA DE IRLANDA,150121,43,97.727273,693.896769
338707,1076 RABINDRANATH TAGORE,150121,57,93.442623,617.693527
338822,1086 JESUS REDENTOR,150136,72,91.139241,627.130366
338848,1087 GRAL ROQUE SAENZ PEÑA,150136,40,95.238095,583.615892
338889,1103 ELVIRA GARCIA Y GARCIA,150121,114,100.0,636.712272
338954,1145 REPUBLICA DE VENEZUELA,150101,43,93.478261,617.385207
338970,1146 REPUBLICA DEL PARAGUAY,150101,33,86.842105,599.461542
338996,1147 ANDRES ROSALES VALENCIA,150101,12,63.157895,628.02491
339036,1148 JUANA INFANTES VERA,150101,32,94.117647,748.548109
339051,1149 SAGRADO CORAZON DE JESUS,150101,65,86.666667,630.71309
339077,1150 ABRAHAM ZEA CARREON,150101,124,87.943262,606.76384
339119,1152 - 108 DOS DE MAYO,150101,77,98.717949,590.099549
339135,1153 REPUBLICA DE CANADA,150101,24,96.0,527.381196
339150,1154 NUESTRA SEÑORA DEL CARMEN,150101,99,90.825688,601.936687
339192,1156 JOSE SEBASTIAN BARRANCA LOVERA,150101,19,95.0,605.977985
339218,1157 JULIO CESAR TELLO ROJAS,150101,37,92.5,560.892526
339275,1160 JOSE FAUSTINO SANCHEZ CARRION,150101,20,83.333333,635.503262
339291,1161,150101,57,95.0,579.561769
339317,1162 DIVINO NIÑO JESUS,150101,68,93.150685,690.078071
339333,1163 JOSE MARIA ARGUEDAS ALTAMIRANO,150101,65,100.0,557.181857
339374,1165 HOLANDA,150101,21,100.0,532.985994
339390,1166 LIBERTADOR SIMON BOLIVAR,150101,24,88.888889,636.437011
339432,1168 GRAN MARISCAL RAMON CASTILLA,150111,123,96.09375,695.499946
339440,1169 ALMIRANTE MIGUEL GRAU SEMINARIO,150111,31,96.875,595.71866
339465,1170,150111,53,100.0,579.022228
339499,1171 JORGE BASADRE GROHMANN,150111,50,92.592593,544.45197
339507,1172 CIRO ALEGRIA,150132,154,94.478528,700.347672
339523,1173 JULIO CESAR TELLO,150132,66,97.058824,631.815293
339549,1174 VIRGEN DEL CARMEN,150132,143,98.62069,645.642322
339572,GLORIOSOS HUSARES DE JUNIN,150111,129,94.160584,563.763048
339606,1177 HEROES DEL CENEPA,150111,25,89.285714,642.931225
339622,1178 JAVIER HERAUD,150132,45,97.826087,545.376167
339655,1179 TOMAS ALVA EDISON,150132,52,94.545455,587.79498
339697,1181 ALBERT EINSTEIN,150132,85,96.590909,703.890197
339796,1186 SANTA ROSA DE LIMA,150111,40,90.909091,733.140352
339804,1187 SAN CAYETANO,150111,66,90.410959,628.955729
400036,3037 GRAN AMAUTA,150135,118,88.059701,620.736049
432815,8177 EL ROSARIO DE JICAMARCA,150106,11,84.615385,474.841522
432880,5184 CESAR VALLEJO,150125,57,95.0,532.992458
432906,INSTITUTO SEVILLA,150128,43,100.0,598.12486
433011,FE Y ALEGRIA 08,150110,184,98.395722,708.967015
433029,FE Y ALEGRIA 11,150110,113,99.122807,700.861225
433037,3711 FE Y ALEGRIA 12,150125,68,98.550725,708.670525
433045,FE Y ALEGRIA 13,150110,154,97.468354,744.041161
433060,3719 SANTISIMA TRINIDAD,150125,69,100.0,643.257129
433078,3720 NUESTRA SEÑORA DE LA MISERICORDIA,150125,77,100.0,714.339023
433086,3721 SANTA ROSA,150102,68,100.0,624.864885
433219,2082 HEROES DEL PACIFICO,150135,70,88.607595,565.73923
433227,2084 TROMPETEROS,150106,229,98.706897,700.993469
433235,2085 SAN AGUSTIN,150110,109,95.614035,599.04202
433243,3001 ESTADOS UNIDOS MEXICANOS,150128,53,88.333333,684.475552
433276,3002-A MANUEL PARDO,150128,46,79.310345,619.441489
433300,3003 SAN CRISTOBAL,150128,64,90.140845,668.954797
433326,3004 ESPAÑA,150128,35,97.222222,551.834286
433367,3006 JOSE ERNESTO ECHENIQUE RODRIGUEZ,150128,47,87.037037,613.12072
433474,3012 EL ALTILLO,150128,52,91.22807,706.634449
433490,3013,150128,37,92.5,581.196585
433516,2083 VIRGEN DEL CARMEN,150128,150,98.039216,590.025139
433540,2099 ROSA MERINO,150128,140,97.222222,617.018815
433581,3015 LOS ANGELES DE JESUS,150128,47,95.918367,620.751478
433623,3017 INMACULADA CONCEPCION,150128,67,93.055556,556.51871
433649,3019 PATRICIA TERESA RODRIGUEZ,150128,47,92.156863,529.903378
433680,3021 SAN JUAN MACIAS,150128,49,89.090909,735.43933
433706,3022 JOSE SABOGAL,150135,31,96.875,576.645402
433722,3023 PEDRO PAULET MOSTAJO,150135,110,94.017094,625.44847
433748,3024 JOSE ANTONIO ENCINAS,150135,45,95.744681,595.728572
433805,3027 CORONEL JOSE BALTA,150135,11,84.615385,669.150798
433821,3028 YACHAYHUASI,150135,39,90.697674,621.207329
433847,3029,150117,67,91.780822,541.472577
433862,3030 SANTISIMA CRUZ,150135,58,89.230769,540.164251
433904,3032 VILLA ANGELICA,150135,29,90.625,617.987251
433920,3033 ANDRES AVELINO CACERES,150135,53,100.0,567.668815
433946,3034,150135,16,69.565217,630.990639
433961,3035 BELLA LETICIA,150135,59,92.1875,637.519956
433987,3036 JOSE ANDRES RAZURI,150135,42,97.674419,708.714725
434019,3038 PATRICIA CARMEN GUZMAN,150135,63,95.454545,678.780962
434035,3039 JAVIER HERAUD,150135,30,100.0,554.747092
434076,3041 ANDRES BELLO,150135,45,93.75,524.233474
434092,3042,150135,52,92.857143,556.278878
434100,3051,150112,34,94.444444,565.502074
434134,3043 RAMON CASTILLA,150135,93,90.291262,646.042202
434159,3044 RICARDO PALMA,150135,36,100.0,654.124912
434175,3045 JOSE CARLOS MARIATEGUI,150135,63,95.454545,686.54003
434191,3046 SAN MARTIN DE PORRES,150135,69,98.571429,691.040001
434217,3047 REPUBLICA DE CANADA,150110,55,88.709677,553.950526
434233,3048 SANTIAGO ANTUNEZ DE MAYOLO,150112,82,97.619048,621.289434
434258,3049 IMPERIO DEL TAHUANTINSUYO,150112,165,95.375723,626.715469
434282,3050,150112,112,93.333333,608.900878
434324,3052,150112,58,93.548387,607.608874
434340,3053 VIRGEN DEL CARMEN,150112,15,83.333333,530.149607
434365,3054 LA FLOR,150106,76,98.701299,611.810392
434373,INDEPENDENCIA,150112,65,82.278481,795.453781
434381,ESTADOS UNIDOS,150110,41,100.0,632.973385
434399,JOSE GRANDA,150135,49,85.964912,741.991023
434415,3055 TUPAC AMARU,150110,121,98.373984,582.160015
434423,3056 GRAN BRETAÑA,150112,122,91.044776,577.145586
434449,3057,150106,294,98.0,666.039526
434464,3058 VIRGEN DE FATIMA,150106,155,98.101266,650.459118
434480,3059 REPUBLICA DE ISRAEL,150110,79,92.941176,609.582767
434498,5181 JOSE OLAYA BALANDRA,150125,45,88.235294,651.174009
434506,3060 ALFONSO UGARTE VERNAL,150110,80,94.117647,600.032734
434522,3061 JORGE CHAVEZ DARTNELL,150110,22,88.0,631.160384
434548,3062 SANTA ROSA,150110,102,99.029126,605.692756
434563,3063 PATRICIA NATIVIDAD SANCHEZ,150112,134,93.055556,600.194305
434597,3064,150110,112,100.0,586.236133
434605,3065 VIRGEN DEL CARMEN,150110,58,93.548387,556.27655
434621,3066 SEÑOR DE LOS MILAGROS,150110,62,98.412698,573.549781
434662,3068 SAN JUDAS TADEO,150110,51,94.444444,556.350494
434688,3069 GENERALISIMO JOSE DE SAN MARTIN,150102,98,97.029703,578.905604
434704,3070 MARIA DE LOS ANGELES,150125,113,90.4,642.98433
434720,3071 MANUEL GARCIA CERRON,150125,233,96.280992,638.401151
434746,2086 PERU HOLANDA,150110,117,92.857143,617.144488
434753,COLONIA DE ANCON 01 NIÑAS,150102,16,94.117647,502.221014
434761,COLONIA DE ANCON 02 NIÑOS,150102,20,86.956522,528.009865
434829,3507 CAUDIVILLA,150106,59,100.0,623.245967
434860,3512 CHOCAS,150106,35,100.0,576.780434
436154,2001 TNTE. CRNL. ALFREDO BONIFAZ,150128,115,100.0,780.674174
436162,2002 MARISCAL RAMON CASTILLA,150128,42,93.333333,551.224296
436170,2004,150128,19,82.608696,572.931635
436188,2006,150117,115,95.041322,651.338892
436196,2008 EL ROSARIO,150135,47,85.454545,620.4207
436204,2009 FE Y ALEGRIA 2,150135,98,100.0,801.892016
436212,2010 ALBERT EINSTEIN,150135,65,94.202899,603.240108
436220,2011,150135,21,87.5,576.275521
436246,2013,150135,37,90.243902,566.496183
436261,2015 MANUEL GONZALEZ PRADA,150117,46,95.833333,612.217989
436287,2018,150135,16,88.888889,549.205494
436303,2021 NUESTRA SEÑORA DEL CARMEN,150135,19,100.0,587.026484
436311,2023 AUGUSTO SALAZAR BONDY,150135,152,95.0,708.106252
436337,2027 JOSE MARIA ARGUEDAS,150135,91,95.789474,612.560734
436345,2028,150135,113,96.581197,616.707774
436352,2029 SIMON BOLIVAR,150135,74,97.368421,605.362597
436360,2030,150110,23,82.142857,586.124304
436378,2031 JOSE VALVERDE CARO,150110,86,97.727273,649.698771
436386,2032 MANUEL SCORZA TORRES,150135,43,78.181818,763.052412
436394,2033 NUESTRA SEÑORA DE FATIMA,150110,93,96.875,632.667272
436410,2035,150110,53,100.0,616.966068
436428,2036 MARIA AUXILIADORA,150112,36,97.297297,547.382573
436436,2037 CIRO ALEGRIA,150106,125,96.899225,598.024146
436444,2038 INCA GARCILASO DE LA VEGA,150110,53,94.642857,606.095674
436451,2039 JORGE VICTOR CASTILLA MONTERO,150112,74,96.103896,619.483077
436469,2040 REPUBLICA DE CUBA,150110,55,98.214286,659.669151
436477,2041 INCA GARCILASO DE LA VEGA,150112,115,98.290598,689.861731
436485,2042,150110,56,94.915254,708.863555
436493,2043 SANGARARA,150110,88,94.623656,590.194337
436501,2044 VIRGEN DE FATIMA,150112,40,97.560976,526.04326
436519,2045,150110,17,62.962963,510.938564
436527,2046 VIRGEN DE LAS MERCEDES,150110,21,84.0,607.902735
436535,2047,150110,109,97.321429,548.741292
436543,2048 JOSE CARLOS MARIATEGUI,150110,77,86.516854,655.015695
436550,2049,150110,142,95.302013,654.128163
436576,2051,150106,84,95.454545,603.56133
436584,2052 MARIA AUXILIADORA,150112,24,88.888889,551.61151
436592,2053 FRANCISCO BOLOGNESI CERVANTES,150112,49,100.0,629.034616
436600,2054 NUESTRA SEÑORA DE FATIMA,150112,78,95.121951,584.657377
436618,2056 JOSE GALVEZ,150112,38,90.47619,574.798127
436626,2057 JOSE GABRIEL CONDORCANQUI,150112,120,97.560976,551.270699
436634,2058 VIRGEN DE LA MEDALLA MILAGROSA,150112,84,94.382022,610.116679
436659,2060,150110,138,93.243243,667.940862
436667,2061 SAN MARTIN DE PORRES,150112,36,97.297297,648.41933
436675,2062 ANDRES AVELINO CACERES,150102,59,86.764706,576.069554
436683,2064 REPUBLICA FEDERAL DE ALEMANIA,150125,90,98.901099,624.814103
436691,2065 JOSE ANTONIO ENCINAS,150125,128,92.086331,638.265778
436709,2066 ALMIRANTE MIGUEL GRAU,150102,128,100.0,683.807901
436717,2067 LEONCIO PRADO,150125,75,98.684211,634.868981
436725,2068 JOSE MARIA ARGUEDAS,150125,54,91.525424,756.33184
436733,2069 SANTA ROSA,150125,90,98.901099,625.25431
436741,2070 NUESTRA SEÑORA DEL CARMEN,150135,80,97.560976,637.704067
436758,2071 CESAR VALLEJO,150117,73,89.02439,666.31041
436766,2072,150110,42,100.0,745.104333
436774,2073 RICARDO BENTIN,150128,117,95.121951,565.168294
436782,2074 MARIA PARADO BELLIDO,150128,136,97.841727,577.49664
436790,2075 CRISTO HIJO DE DIOS,150110,55,93.220339,594.407443
436808,2077 SAN MARTIN DE PORRES,150110,107,94.690265,590.055951
436816,2078 NUESTRA SEÑORA DE LOURDES,150117,148,98.013245,643.518389
436824,PRECURSORES DE LA INDEPENDENCIA NACIONAL,150117,100,98.039216,708.183815
436832,2079 ANTONIO RAYMONDI,150135,35,94.594595,618.349843
436840,2080 ANDRES BELLO,150106,98,95.145631,618.798417
436865,2081 PERU SUIZA,150125,109,95.614035,604.836572
437160,8176 NUEVA ESPERANZA,150110,23,100.0,514.344088
466243,0094 SANTA MARIA DE MARANGA,150136,26,100.0,692.123954
466334,0096,150137,42,100.0,628.44027
466342,0097 PATRICIA ANTONIA LOPEZ,150137,40,97.560976,615.108246
466375,0095 MARIA AUXILIADORA,150101,30,96.774194,550.961945
466508,0093,150111,61,98.387097,622.572494
468454,2091 MARISCAL ANDRES AVELINO CACERES,150117,100,97.087379,636.517013
468488,2087 REPUBLICA ORIENTAL DEL URUGUAY,150117,123,90.441176,682.542297
468496,3526,150106,8,100.0,583.12853
468611,4021,70106,89,88.118812,584.414283
469189,TECNICO FAP MANUEL POLO JIMENEZ,150140,158,100.0,684.262146
469262,6021,150505,33,100.0,589.759322
469411,6090 JOSE OLAYA BALANDRA,150108,131,95.620438,684.841992
470120,20845 MARIANO MELGAR,150601,29,90.625,606.897384
478404,0098 PERU JAPON,150111,29,100.0,558.073805
478420,0099 OSCAR MIRO QUESADA DE LA GUERRA,150101,16,94.117647,612.547003
481325,20405 SALVADOR DE LAS CASAS DULANTO,150601,11,84.615385,564.161003
481440,20843,150706,5,100.0,542.768356
482059,6089 JORGE BASADRE GROHMANN,150133,74,94.871795,635.652164
482091,6153 CAP.EP. AUGUSTO J GUTIERREZ MENDOZA,150108,89,90.816327,668.985411
482109,7701 NUESTRA SEÑORA DEL CARMEN,150104,27,100.0,650.53612
482125,7039 MANUEL SCORZA TORRES,150108,78,98.734177,632.093415
488676,2007 SAN MARTIN DE PORRES,150110,80,97.560976,638.763298
488817,DORA MAYER,70102,117,96.694215,763.697614
488825,JUAN INGUNZA VALDIVIA,70101,118,97.520661,697.437317
488841,NUESTRA SEÑORA DE BELEN,70106,68,89.473684,649.157184
492454,20758,150510,6,100.0,559.54002
493338,FE Y ALEGRIA 24,150143,121,99.180328,656.188123
493734,6093 CORONEL JUAN VALER SANDOVAL,150143,136,93.150685,672.795739
494427,20855,150810,5,83.333333,640.833513
494559,20849 JOSE FAUSTINO SANCHEZ CARRION,150811,53,92.982456,639.322789
494633,6094 SANTA ROSA,150108,161,97.575758,637.77032
494732,6097 MATEO PUMACAHUA,150108,124,95.384615,659.659602
494989,1204 VILLA JARDIN,150134,87,95.604396,700.144662
495085,1213,150103,57,98.275862,702.059758
495093,1203,150103,125,97.65625,652.857547
495176,1215 SAN JUAN PARIACHI,150103,53,100.0,670.147928
495473,3072 AUGUSTO SALAZAR BONDY,150110,88,100.0,603.563927
495564,2059 SUECIA,150110,87,91.578947,563.010595
496133,6096 ANTONIO RAIMONDI,150133,60,98.360656,583.513015
496521,ANTENOR ORREGO ESPINOZA,150132,191,96.954315,683.541509
496570,102,150132,35,100.0,613.205864
496653,2089 MICAELA BASTIDAS,150117,36,100.0,520.006926
496844,6092 LOS REYES CATOLICOS,150108,93,94.897959,733.276609
496877,FE Y ALEGRIA 23,150143,101,96.190476,675.682179
497024,6152 STELLA MARIS,150143,179,94.708995,673.183882
497248,SAN PEDRO DE CHORRILLOS,150108,106,89.830508,631.281182
497354,20859,150204,6,100.0,545.891998
499236,4020 JOSE SANTOS CHOCANO,70106,34,89.473684,581.848435
501957,6100 SANTA MARIA REYNA,150123,19,90.47619,640.057505
502401,6151 SAN LUIS GONZAGA,150133,91,91.919192,592.175054
502534,6099 PERU ESPAÑA,150142,52,89.655172,608.236702
503052,PEDRO RUIZ GALLO,150108,154,96.25,657.857146
503342,SAN JUAN,150133,125,94.69697,685.723398
508903,117 RVDO. PADRE PASCUAL ALEGRE GONZALES,150101,27,100.0,638.163081
509901,0120 MANUEL ROBLES ALARCON,150132,144,96.644295,587.431002
510206,MARTIN ESQUICHA BERNEDO,150132,49,100.0,704.966131
510305,116 ABRAHAM VALDELOMAR,150132,164,100.0,646.972145
510404,FE Y ALEGRIA 25,150132,116,95.081967,666.303151
510503,114 VIRGEN DE CHAPI,150103,24,96.0,519.500449
510602,115 TORIBIO RODRIGUEZ DE MENDOZA,150111,56,94.915254,629.517476
510701,112 HEROES DE LA BREÑA,150111,89,93.684211,653.026696
510800,0113 DANIEL ALOMIAS ROBLES,150132,139,96.527778,725.233382
511824,1206 DANIEL ALCIDES CARRION,150118,25,92.592593,670.46799
512020,NUESTRA SEÑORA DE LA SABIDURIA,150118,59,100.0,696.953422
512129,1217 JORGE BASADRE,150107,53,100.0,608.363481
512327,1210 SAN MARCOS,150137,66,98.507463,634.647018
512426,1211 JOSE MARIA ARGUEDAS,150137,71,95.945946,653.11008
513614,1208 SAN FRANCISCO DE ASIS,150103,11,91.666667,715.679774
513713,1212 GRUMETE MEDINA,150103,42,93.333333,573.643487
514224,5010,70101,58,89.230769,651.843585
514869,1216 MIGUEL GRAU SEMINARIO,150134,96,86.486486,672.22874
515486,20864 ALEJANDRO DIOSES TORRES,150601,6,100.0,573.737306
515585,20865 LA FLORIDA,150601,5,100.0,562.355596
515684,20862,150810,8,80.0,508.825618
516385,20854 GRAL.JUAN VELASCO ALVARADO,150201,45,100.0,569.647277
516674,2005,150110,68,89.473684,654.808565
516773,2022 SINCHI ROCA,150110,111,100.0,679.135901
516872,2055 PRIMERO DE ABRIL,150110,56,98.245614,549.104426
517086,20133 FRANCISCO BOLOGNESI,150506,11,100.0,731.538964
518340,129 YAMAGUCHI,150137,121,100.0,583.187295
518548,110 SAN MARCOS,150132,53,98.148148,584.638781
518647,100,150132,96,96.969697,633.022021
521328,20857,150812,60,98.360656,528.111359
523464,2016 FRANCISCO BOLOGNESI,150110,95,98.958333,677.742088
523563,2026 SIMON BOLIVAR,150110,37,97.368421,577.521485
523662,2020 MAESTRO JOSE ANTONIO ENCINAS,150110,92,97.87234,575.532798
523761,2098 JESUS VERA FERNANDEZ,150135,63,95.454545,680.975744
523860,2094 INCA PACHACUTEC,150135,34,94.444444,538.108179
523969,2096 PERU JAPON,150117,145,92.948718,677.03159
524264,2095 HERNAN BUSSE DE LA GUERRA,150117,159,96.363636,655.641659
524462,5076 NSTRA. SRA.DE LAS MERCEDES,70101,184,97.354497,636.371079
525055,2076 ABRAHAM LINCOLN,150125,53,88.333333,524.549095
525253,2025,150106,147,95.454545,581.980168
525568,ALCIDES VIGO HURTADO,150140,43,95.555556,563.594523
525857,2003 LIBERTADOR JOSE DE SAN MARTIN,150135,80,98.765432,626.251444
526053,2090 VIRGEN DE LA PUERTA,150117,66,92.957746,667.925266
526301,5075 INCA GARCILASO DE LA VEGA,70101,56,91.803279,734.89433
526376,1218 SAN LUIS MARIA DE MONTFORT,150107,34,97.142857,706.625534
526400,5074 ALCIDES SPELUCIN VEGA,70101,115,90.551181,674.303329
526707,20871,150810,34,100.0,572.952041
527176,1223,150118,13,81.25,515.195659
527275,1222 HUSARES DE JUNIN,150103,136,94.444444,699.3527
527374,1221 MARIA PARADO DE BELLIDO,150137,90,84.90566,633.070579
527473,1220 SAN JOSE MARELLO,150114,99,98.019802,645.249482
527572,1219 JOSE CARLOS MARIATEGUI,150137,66,94.285714,705.298029
527796,20872,150501,10,100.0,520.121953
528281,121 VIRGEN DE FATIMA,150132,53,96.363636,599.917699
528380,122 ANDRES AVELINO CACERES,150132,118,100.0,693.650898
528497,20449 ANDRES DE LOS REYES,150601,150,93.75,605.028378
528794,2093 SANTA ROSA,70101,30,93.75,740.599002
528893,2092 CRISTO MORADO,150117,17,89.473684,547.666219
529099,2088 REPUBLICA FEDERAL DE ALEMANIA,150135,59,92.1875,650.424225
540849,20873,151009,4,100.0,534.697754
541011,125 RICARDO PALMA,150132,172,95.027624,641.407742
541045,20868 JOSE ABELARDO QUIÑONES GONZALES,151032,9,100.0,636.074815
541110,126 JAVIER PEREZ DE CUELLAR,150132,97,94.174757,645.22487
541219,FE Y ALEGRIA 26,150132,109,98.198198,663.270442
541409,7041 VIRGEN DE LA MERCED,150133,44,95.652174,631.328094
541904,7035,150133,205,97.619048,612.161921
541995,5033 - LAS 200 MILLAS,70101,91,98.913043,647.176531
542092,6154 MAYOR EP MARCO JARA SCHENONE,150119,101,100.0,635.969439
542225,6054,150109,49,98.0,563.732607
542324,6018 INMACULADA CONCEPCION - HUARANGAL,150109,37,100.0,589.733739
542423,1227 INDIRA GANDHI,150103,78,91.764706,610.019055
542530,20881 SANTISIMA VIRGEN MARIA,150605,9,100.0,573.793028
542597,2100 JUAN VELASCO ALVARADO,150110,91,91.919192,572.010706
542647,20885 SEÑOR DE LOS MILAGROS,150601,5,100.0,595.737726
542720,1226,150103,67,98.529412,677.995569
542829,1225 MARIANO MELGAR,150137,98,94.230769,618.898571
542928,1224,150118,50,89.285714,669.072381
543132,20879,150806,9,100.0,502.18967
543207,0124 GLORIOSA LEGION CACERES,150137,43,100.0,595.337441
543231,20880 ALCIBIADES FERNANDEZ GUERRERO,150812,11,100.0,639.842232
543306,123 LOS ARBOLES,150137,67,88.157895,576.044144
543645,2097,150110,102,98.076923,611.616168
554519,AUGUSTO B. LEGUIA,150510,65,94.202899,684.733135
555599,JOSE OLAYA BALANDRA,70104,17,77.272727,660.466268
555953,PNP.CAP. ALIPIO PONCE VASQUEZ,150101,64,96.969697,673.944071
555987,5026 JOSE MARIA ARGUEDAS,70101,83,96.511628,681.660102
556241,FRANCISCO BOLOGNESI CERVANTES,150132,184,97.87234,631.189084
556290,5050 SAN PEDRO,70102,68,88.311688,641.662045
556357,0108 SANTA ROSA DE QUIVES,150137,67,94.366197,608.264319
556431,103 LUIS ARMANDO CABELLO HURTADO,150101,53,85.483871,597.062787
556456,106 ABRAHAM VALDELOMAR,150137,116,99.145299,623.467952
556548,109 INCA MANCO CAPAC,150132,137,97.163121,583.10356
556555,107 DANIEL ALCIDES CARRION GARCIA,150137,161,93.063584,617.767887
556597,5011 DARIO ARRUS CUESTAS,70102,73,92.405063,660.541235
561662,0027 SAN ANTONIO JICAMARCA,150118,178,93.193717,651.211106
566216,2063 CORONEL JOSE FELIX BOGADO,150128,65,90.277778,531.739718
567453,3073 EL DORADO,150125,109,98.198198,682.52767
583922,2101 MARIA AUXILIADORA,150135,92,94.845361,632.517923
584946,127 SAN JOSE,150111,84,98.823529,614.326753
586289,7074 LA INMACULADA,150133,49,92.45283,510.943295
587121,133 JULIO CESAR TELLO,150137,52,88.135593,694.986925
587279,0130 HEROES DEL CENEPA,150132,156,97.5,747.312149
587303,0128 LA LIBERTAD,150132,79,82.291667,607.389942
588772,20886 ENRIQUE LOPEZ ALBUJAR,150204,6,100.0,548.232341
588806,20889,150204,13,100.0,543.693104
588830,20892 VIRGEN DE LAS MERCEDES,150204,24,96.0,502.873265
589168,20897,150702,6,100.0,738.600158
589341,21628,150501,11,100.0,649.553137
589390,1228 LEONCIO PRADO,150103,125,97.65625,642.288156
590109,0132 TORIBIO DE LUZURIAGA Y MEJIA,150132,151,99.342105,616.894639
590133,131 MONITOR HUASCAR,150132,112,96.551724,586.477525
596833,3075 PATRICIA FRANCISCA SILVA DE PAGADOR,150128,54,94.736842,686.287383
596932,3076 SANTA ROSA,150110,43,93.478261,528.422729
596940,3077 EL ALAMO,150110,85,95.505618,617.408929
598482,5017 VIRGEN DEL CARMEM,70102,53,98.148148,648.151119
598490,3080,150117,90,96.774194,686.550606
599688,3078 HEROES DEL CENEPA,150117,34,87.179487,713.07974
599720,20895,150901,8,100.0,547.620389
599951,20908 SANTISIMO SAGRADO CORAZON DE JESUS,150718,5,100.0,405.127517
599985,20909 CARLOS MORA PARRA,150601,6,85.714286,465.126275
600106,20901 JOSE FAUSTINO SANCHES CARRION,150601,16,94.117647,655.192594
600312,20902 TUPAC AMARU,150601,25,92.592593,621.518517
601708,1229 CAP. JULIO A. PONCE ANTUNEZ DE MAYOLO,150103,59,88.059701,661.823988
601716,1230,150114,100,93.457944,669.665326
601781,FE Y ALEGRIA 29,70106,98,100.0,757.351171
603738,1231 JOSE L. BUSTAMANTE Y RIVERO,150103,53,92.982456,650.887076
604090,7040 SAN MARTIN DE PORRES,150123,13,81.25,575.811283
607119,6048 JORGE BASADRE,150142,146,100.0,636.939584
607416,0134 MARIO FLORIAN,150132,61,100.0,643.695481
607424,0135 TORIBIO RODRIGUEZ DE MENDOZA,150132,64,95.522388,627.763338
607432,0136 SANTA ROSA MILAGROSA,150132,83,83.838384,669.45228
607440,0137 MIGUEL GRAU SEMINARIO,150132,122,91.729323,626.845832
607457,0138 PROCERES DE LA INDEPENDENCIA,150132,148,100.0,652.415211
607465,0139 GRAN AMAUTA MARIATEGUI,150132,134,95.714286,667.690716
628172,3079 NUESTRA SEÑORA DE LAS MERCEDES,150106,138,98.571429,696.715905
628370,3082 SEÑOR DE LOS MILAGROS,150110,100,100.0,577.257081
628404,3085 PEDRO VILCA APAZA,150110,47,100.0,629.33189
628602,3084 ENRIQUE GUZMAN Y VALLE,150117,97,97.979798,580.615049
628826,3081 ALMIRANTE MIGUEL GRAU SEMINARIO,150135,39,97.5,598.215385
628933,3083 LAS ÑUSTAS,150110,86,98.850575,620.909884
629261,0142 MARTIR DANIEL ALCIDES CARRION,150132,193,97.969543,641.560858
629295,0141 VIRGEN DE COCHARCAS,150132,136,98.550725,695.50188
629329,1035 JOSE DEL CARMEN MARIN ARISTA,150101,68,89.473684,553.378708
632299,0144,150132,31,96.875,530.584242
632323,145 INDEPENDENCIA AMERICANA,150132,203,97.129187,667.887762
632356,0146 SU SANTIDAD JUAN PABLO II,150132,203,99.02439,646.056229
638270,21001 LUIS PARDO,150811,19,100.0,679.038925
638338,20915,150731,24,100.0,523.199027
639112,6155,150143,16,88.888889,527.680306
639526,787 ALMIRANTE MIGUEL GRAU,150107,60,100.0,586.990886
639559,0053 SAN VICENTE DE PAUL,150107,30,96.774194,618.982844
639617,7076 LAS BRISAS DE VILLA,150108,62,100.0,698.111398
639641,7079 RAMIRO PRIALE PRIALE,150133,103,98.095238,616.617844
639674,7081 JOSE MARIA ARGUEDAS A,150133,114,97.435897,694.868293
639708,7082 JUAN DE ESPINOSA MEDRANO,150133,53,81.538462,607.376698
639732,7080 JORGE BERNALES SALAS,150143,56,86.153846,619.890427
639765,7078 VIRGEN DE CHAPI,150119,18,94.736842,516.367055
640276,7077 VIRGEN DEL CARMEN,150142,23,100.0,614.949774
646646,7075 JUAN PABLO II,150108,115,82.733813,686.393033
646711,7083 MANUEL GONZALES PRADA,150130,71,83.529412,602.810975
646919,7087 EL NAZARENO,150133,62,89.855072,624.593164
647164,7084 PERUANO SUIZO,150142,134,95.035461,644.081087
647784,0147 LUIS ALBERTO GARCIA ROJAS,150132,118,99.159664,678.813131
647792,0148 VICTOR RAUL HAYA DE LA TORRE,150132,128,98.461538,634.016443
649277,3090 FRANCO PERUANO,70101,79,95.180723,694.359297
649830,LOS EDUCADORES,150134,57,91.935484,722.83552
649913,1235 UNION LATINOAMERICANA,150114,134,97.101449,701.651178
649947,1233 MANUEL FERNANDO CABREL NICHO,150118,79,85.869565,628.079561
652081,1234,150118,28,84.848485,630.784025
656843,5078 JOSE A.QUIÑONES GONZALES,70101,23,85.185185,657.885831
659664,5077 - JOSE FAUSTINO SANCHEZ CARRION,70106,159,95.209581,715.038795
659672,5079 JORGE CHAVEZ DARTNELL,70101,70,97.222222,610.176382
659698,5082 SARITA COLONIA,70101,57,96.610169,681.905908
659706,5083 SAN MARTIN DE PORRES,70101,129,93.478261,642.742442
659714,5080 SOR ANA DE LOS ANGELES,70101,198,93.838863,691.791846
659938,5084 - CARLOS PHILLIPS,70101,146,93.589744,752.457875
662346,3094,150112,84,97.674419,587.328829
662494,3096 FRANZ TAMAYO SOLARES,150110,49,85.964912,588.516754
662510,3097,150110,16,100.0,452.743949
662726,3091,150117,118,99.159664,675.283187
662734,3087,150117,108,100.0,579.540179
662742,JOSE ABELARDO QUIÑONEZ GONZALES,150117,36,92.307692,672.831737
662841,3089 LOS ANGELES,70106,75,98.684211,584.179458
662858,3092 KUMAMOTO I,150125,113,96.581197,571.405918
662866,3088 VISTA ALEGRE,150125,85,100.0,666.099106
663682,3093,150135,41,91.111111,495.380075
663690,3095 PERU KAWACHI,150117,72,91.139241,592.300845
664136,LICEO NAVAL CAPITAN DE NAVIO GERMAN ASTETE,70104,68,98.550725,679.174615
664284,0149 JORGE CIEZA LACHOS,150132,35,100.0,708.560863
664482,0150 HEROES DE LA BREÑA,150132,29,96.666667,668.028763
664490,0151 MICAELA BASTIDAS,150132,182,98.913043,595.008727
664508,0152 JOSE CARLOS MARIATEGUI,150132,201,87.772926,625.990476
664722,MANUEL SEOANE CORRALES,70107,194,96.039604,678.688134
665372,0154 CARLOS NORIEGA JIMENEZ,150132,133,97.794118,600.58558
665398,0156 EL PORVENIR,150132,67,90.540541,569.031669
665406,0171-10,150132,146,88.484848,627.556367
665414,0158 SANTA MARIA,150132,129,88.356164,639.313568
665422,0159 10 DE OCTUBRE,150132,161,94.152047,639.871804
665430,0160 SOLIDARIDAD I,150132,117,99.152542,652.020011
665448,0161 MOISES COLONIA TRINIDAD,150132,61,91.044776,603.66927
665455,FE Y ALEGRIA 32,150132,127,99.21875,663.325453
685354,20925,150505,22,95.652174,651.764306
685370,20927,150509,36,87.804878,584.879807
685388,20928,150808,5,100.0,552.913027
685396,20929,150510,25,86.206897,613.230837
685404,20930 VIRGEN DE LA MERCED,150811,39,92.857143,533.764097
685453,20935,150507,33,84.615385,678.193033
685925,20945,150812,10,90.909091,446.093076
689604,6003 REBECA CARRION CACHOT,150122,41,93.181818,667.065045
689679,7089 ROMEO LUNA VICTORIA,150130,119,98.347107,669.062243
689836,7086 LOS PRECURSORES,150140,133,97.080292,698.257068
689927,FE Y ALEGRIA 34,150108,105,94.594595,681.032832
689968,7085 SANTA ROSA,150119,12,92.307692,711.662329
689976,7098 RODRIGO LARA BONILLA,150119,154,100.0,700.969665
689984,7102 SAN FRANCISCO DE ASIS,150123,142,89.308176,617.284407
689992,7104 RAMIRO PRIALE PRIALE,150119,25,96.153846,562.063292
690172,LICEO NAVAL ALMIRANTE GUISE,150130,119,93.700787,649.012995
691782,1237 JORGE D. GILES LLANOS,150103,198,92.093023,685.217215
691808,1239,150103,69,94.520548,535.382258
691881,1236,150103,166,98.224852,678.214756
693374,FE Y ALEGRIA 33,70107,139,99.285714,658.154768
693465,LICEO NAVAL CONTRALMIRANTE MONTERO,150136,130,96.296296,596.678112
694208,7099 HECTOR PRETELL CARBONELL,150133,20,74.074074,610.403081
694216,7100,150133,40,85.106383,617.769789
694224,7101,150133,37,82.222222,596.778004
694307,7088 VGERONIMO CAFFERATA MARAZZI,150143,75,100.0,629.307562
694315,7106 VILLA LIMATAMBO,150143,95,96.938776,607.867102
694398,7097,150142,58,98.305085,680.92784
694406,7096 PRINCIPE DE ASTURIAS,150142,102,100.0,636.728501
694414,7095 PERU ITALIA,150142,59,95.16129,612.366968
694422,7094 SASAKAWA,150142,50,84.745763,596.294453
694430,7093 REPUBLICA DE FRANCIA,150142,122,95.3125,604.208355
694448,7092 JUAN PABLO II,150142,46,90.196078,560.536794
694455,7091 REPUBLICA DEL PERU,150142,173,83.574879,644.396315
694463,7090 FORJADORES DEL PERU,150142,16,100.0,512.586884
697557,0162 SAN JOSE OBRERO,150132,98,98.0,630.752951
703124,0163 CORONEL NESTOR ESCUDERO OTERO,150132,205,97.156398,746.170451
703132,0164 EL AMAUTA,150132,60,93.75,605.451345
703736,8155 VICTOR RAUL HAYA DE LA TORRE,150106,75,98.684211,699.776729
703942,2001 SANTA ROSA DE LIMA,150135,87,98.863636,666.534962
704312,3098 CESAR VALLEJO,150102,119,97.540984,587.23853
704445,7103 PEDRO PAULET Y MOSTAJO,150108,26,83.870968,766.078983
704957,7208,150133,24,92.307692,505.159876
704965,7207 MCAL.RAMON CASTILLA,150133,126,95.454545,630.716362
705046,7257 MENOTTI BIFFI GARIBOTTO,150124,61,98.387097,625.125809
705129,1243 SAN ROQUE,150103,17,89.473684,501.401595
705137,1244 MICAELA BASTIDAS,150103,75,87.209302,654.684524
705145,1245 JOSE CARLOS MARIATEGUI,150103,154,99.354839,693.663924
705376,MAYOR PIP FELIX ROMAN TELLO ROJAS,150114,74,97.368421,652.16688
705525,1246,150109,8,100.0,591.753855
706978,20947,150201,19,95.0,701.393476
728469,7209,150133,27,93.103448,548.075787
728477,7210,150133,8,61.538462,608.508119
728485,7211,150133,28,100.0,596.571857
728634,5085 RAMIRO PRIALE PRIALE,70101,41,97.619048,611.267255
728642,7258,150123,22,100.0,572.927521
732255,2002 VIRGEN MARIA DEL ROSARIO,150135,102,97.142857,605.624833
732438,5165 REPUBLICA DE SUECIA,150125,50,94.339623,667.52059
732446,5166 BELLA AURORA,150125,91,100.0,651.895532
732453,5167 VICTOR RAUL HAYA DE LA TORRE,150125,51,98.076923,584.719781
732461,5168,150125,78,100.0,681.043145
732479,5169 RAMIRO PRIALE PRIALE,150125,52,98.113208,553.415907
742114,7259 VICTOR R. HAYA DE LA TORRE,150123,128,97.709924,715.517254
743708,1247,150103,38,88.372093,661.301587
743716,1248 5 DE ABRIL,150103,92,100.0,640.840441
743724,1249 JAVIER HERAUD,150103,26,89.655172,639.829958
743930,1250,150118,28,96.551724,676.505154
744516,2004 SEÑOR DE LOS MILAGROS,150117,49,83.050847,613.463194
744540,2005,150117,23,92.0,607.296416
744557,2007 ROSA DE LAS AMERICAS,150117,115,97.457627,630.611592
759399,7212,150133,47,97.916667,584.265294
761528,20979 LUIS ALBERTO SANCHEZ,150201,13,61.904762,649.454941
761585,FE Y ALEGRIA 35,150201,101,99.019608,615.114186
762120,1251 PERUANO SUIZO,150103,85,98.837209,569.847785
762245,20980 CESAR VALLEJO MENDOZA,150204,9,100.0,522.353239
762468,ANTONIA MORENO DE CACERES,150132,160,92.485549,645.14867
762500,FE Y ALEGRIA 37,150132,121,100.0,687.140336
762658,0168 AMISTAD PERU JAPON,150132,73,91.25,538.877838
762757,134 RAMIRO PRIALE,150111,17,89.473684,617.046298
763151,8156 PERUANO ALEMAN,150110,23,82.142857,594.416221
763177,8158 ISABEL FLORES DE OLIVA,150110,37,92.5,551.57117
763326,8159,150106,7,100.0,634.514587
763458,7260 SEÑOR DE LOS MILAGROS,150123,26,100.0,611.191982
763995,7219 ARISTOTELES,150133,42,95.454545,636.05662
764019,7214,150143,75,98.684211,664.209244
764027,7217 OLIMPIA GERALDINA MELENDEZ PERALTA,150143,7,87.5,569.667292
764035,7218 PAPA JUAN PABLO II,150143,31,91.176471,550.489512
764068,7213 PERUANO JAPONES,150142,181,96.276596,674.408348
764076,7215 NACIONES UNIDAS,150142,87,92.553191,616.761245
764084,7216,150142,32,100.0,601.2341
764555,172 JOSE LUIS BUSTAMANTE Y RIVERO,150136,18,100.0,542.954628
764779,2012,150135,25,96.153846,545.399093
764787,2014 LOS CHASQUIS,150135,53,100.0,585.793182
764795,2016 CHAVIN DE HUANTAR,150117,57,100.0,534.607549
765099,1252 SANTA ISABEL,150103,75,96.153846,585.592816
765107,1253 FRANCISCO BOLOGNESI,150137,44,95.652174,658.213818
765115,1254 MARIA REICHE NEWMAN,150103,83,97.647059,643.469118
765123,1255,150103,101,87.068966,678.802828
765131,1256 ALFONSO UGARTE,150137,108,99.082569,644.354907
765149,1257 REINO UNIDO DE GRAN BRETAÑA,150103,49,92.45283,786.330829
765156,1258 SEBASTIAN LORENTE,150103,126,97.674419,608.32958
765164,1260 EL AMAUTA,150103,89,96.73913,607.848841
765248,1261 GUILLERMO WAGNER,150109,25,96.153846,533.457611
765859,5170 PERU ITALIA,150125,83,93.258427,634.275488
765867,5171 TUPAC AMARU II,150125,36,85.714286,657.422487
765875,5172 HIJOS DE LUYA,150125,81,100.0,687.020861
765933,20955 MONITOR HUASCAR,150714,28,100.0,656.393896
766253,20986 SAN MARTIN DE PORRAS,150801,40,90.909091,660.155674
769133,20960 LAS SALINAS,150505,27,87.096774,565.222384
769240,20959 REPUBLICA DE SUECIA,150505,28,82.352941,529.715996
771006,20987 02 HORACIO ZEBALLOS GAMEZ,150204,19,100.0,606.015692
772913,7221,150133,95,96.938776,613.924342
772970,7220,150143,91,91.919192,576.726418
774778,7077 LOS REYES ROJOS,150108,61,91.044776,751.429177
775296,FE Y ALEGRIA 39,150111,117,100.0,782.033976
775312,7223 MIGUEL COLINA MARIE,150133,27,96.428571,631.3331
776138,8160 LOS CHASQUIS,150110,38,84.444444,725.738953
776161,8161 MANUEL SCORZA TORRE,150106,114,96.610169,590.676514
776195,8163,150106,26,100.0,555.40676
776229,LIBERTAD,150110,29,82.857143,628.041998
776328,8162,150110,29,100.0,591.202591
777110,0170 SANTA ROSA DEL SAUCE,150132,49,96.078431,613.78632
777144,0171 BUENOS AIRES,150132,32,96.969697,700.542714
777177,CASA BLANCA DE JESUS,150132,121,92.366412,595.346501
777201,0171-01 JUAN VELASCO ALVARADO,150132,186,95.876289,658.372914
777227,7261 SANTA ROSA DE COLLANAC,150123,59,98.333333,634.832731
777235,0171-02 LAS TERRAZAS,150132,66,94.285714,605.749858
777268,0171-03,150132,37,97.368421,636.483805
778076,FE Y ALEGRIA 41,150118,95,97.938144,652.977406
778209,1263 PURUCHUCO,150103,65,95.588235,632.13899
780700,5090 ANTONIA MORENO DE CACERES,70106,63,98.4375,591.706093
780734,5089 VIRGEN MARIA,70101,76,95.0,659.040114
780767,5088 HEROES DEL PACIFICO,70106,62,88.571429,627.40227
780783,3094-1,150112,158,98.75,624.165777
780791,5087,70106,60,98.360656,658.655943
780825,5086 POLITECNICO DE VENTANILLA,70106,127,98.449612,719.394808
781096,5177 ALAMEDA DEL NORTE,150125,73,97.333333,625.902482
781120,5178 VICTOR ANDRES BELAUNDE,150125,92,92.0,588.428566
781153,5179 LOS PINOS,150125,55,93.220339,668.832987
781294,5173 GUSTAVO MOHME LLONA,150125,62,96.875,610.904699
781351,5175 MANUEL AREVALO CACERES,150102,39,97.5,513.443157
781385,5176 MARIA REICHE GROSSE,150125,85,91.397849,661.140556
781427,5098 - KUMAMOTO,70107,65,95.588235,692.525707
781740,5091 HIJOS DE GRAU,70106,39,88.636364,602.446006
781773,5092 SANTA ROSA DE LIMA,70101,40,97.560976,666.304448
781807,5093 ANTONIO RAYMONDI,70106,133,96.376812,715.0248
781831,5094 NACIONES UNIDAS,70106,106,90.598291,636.063025
781864,5095 JULIO RAMON RIBEYRO,70101,97,98.979592,692.961972
781898,5096,70106,50,92.592593,696.351231
782615,5097 SAN JUAN MACIAS,70101,99,97.058824,677.606485
815639,20989,150807,6,100.0,534.023114
815936,20988 SARITA COLONIA,150812,25,80.645161,620.587156
818088,20957,150501,85,92.391304,694.099781
819581,2034 REPUBLICA DE IRLANDA,150112,28,100.0,569.989686
819904,20047 SANTO TOMAS,150904,12,100.0,497.270173
819987,VIRGEN DE LA CANDELARIA,150605,48,96.0,643.790883
820019,21568 SANTA ROSA DE LIMA,150605,5,100.0,661.337786
820167,21550 NUESTRA SEÑORA DE LA MERCED,150604,36,100.0,629.091597
820191,21554 JOSE OLAYA,150604,32,94.117647,606.67898
820209,21581 DECISION CAMPESINA,150201,52,92.857143,640.681409
820225,21551 CAPITAN JUAN VICENTE SUAREZ,150604,8,100.0,484.547542
820407,JESUS SACRAMENTADO,150109,86,92.473118,790.539227
820563,20955-2 NACIONES UNIDAS,150716,116,95.867769,655.392283
820779,3701 FE Y ALEGRIA 1,150135,68,97.142857,650.715423
820803,SAN MARTIN DE PORRES,150135,55,91.666667,569.628028
820837,2026 SAN DIEGO,150135,59,95.16129,602.434237
821025,2034 VIRGEN DE FATIMA,150135,48,94.117647,585.770372
821058,2031 VIRGEN DE FATIMA,150135,67,94.366197,624.76577
821082,2030 VIRGEN DEL CARMEN,150135,48,92.307692,582.152392
821447,JESUS NIÑO,150133,60,100.0,744.944159
821736,SAGRADO CORAZON DE JESUS,150601,5,100.0,568.373621
823765,21502-1 RAUL PORRAS BARRENECHEA,150906,22,100.0,573.256428
824003,GENERAL PRADO,70102,90,96.774194,600.490454
824813,TERESA GONZALES DE FANNING,150113,102,95.327103,655.881808
824953,7226-562 JOSE OLAYA BALANDRA,150143,51,89.473684,646.087064
825125,6004 SANTIAGO ANTUNEZ DE MAYOLO,150142,76,93.82716,615.817632
825158,REPUBLICA DE BOLIVIA,150142,131,97.761194,625.997254
825653,1015 REPUBLICA DE ITALIA,150101,40,88.888889,623.642737
825661,7224 ELIAS REMIGIO AGUIRRE ROMERO,150142,57,87.692308,628.955329
825752,1006 MARISCAL ANDRES AVELINO CACERES,150105,24,96.0,537.333625
825786,3521 MACAS,150407,9,100.0,627.525398
825810,3520 AGROPECUARIO ZAPAN,150407,16,94.117647,617.750087
825844,3510 SAN FRANCISCO DE PADUA,150407,17,100.0,695.348058
826024,SAN ANTONIO DE JICAMARCA,150716,111,94.067797,673.041825
826081,0140 SANTIAGO ANTUNEZ DE MAYOLO,150132,221,99.54955,671.385297
826115,0169,150132,85,92.391304,632.422606
826263,0119 CANTO BELLO,150132,73,96.052632,616.75886
826321,0153 ALEJANDRO SANCHEZ ARTEAGA,150132,61,95.3125,720.86456
826362,20963,150502,8,100.0,541.602363
826453,20964 VIRGEN DE FATIMA,150512,9,90.0,632.476737
826479,1182 EL BOSQUE,150132,194,95.566502,566.210219
826834,0155 JOSE ANTONIO ENCINAS FRANCO,150132,50,94.339623,554.109468
828152,8157 REPUBLICA DE FRANCIA,150110,64,98.461538,623.863264
828160,5174 JUAN PABLO II,150106,73,97.333333,586.91016
828210,8170 CESAR VALLEJO,150110,29,100.0,588.727196
829184,5180 ABRAHAM VALDELOMAR,150125,35,94.594595,659.002219
829291,3519,150106,35,89.74359,696.054014
829325,3074 PEDRO RUIZ GALLO,150106,67,85.897436,621.512957
829358,2050 REPUBLICA DE ARGENTINA,150106,123,100.0,659.991723
831271,8178,150125,31,91.176471,541.084973
831313,8179 RAMIRO PRIALE,150125,21,95.454545,618.886143
832964,8173 SANTA ISOLINA,150110,94,98.947368,681.848613
833020,8175 CORAZON SAGRADO DE JESUS,150106,57,100.0,744.391313
834374,8171 SAN FRANCISCO,150106,51,98.076923,604.96389
834465,8169 PERU JAPON,150106,66,97.058824,657.593604
834853,8180 CELSO LINO RICALDI,150125,93,97.894737,644.102444
834960,MANUEL GONZALES PRADA,150103,125,100.0,655.430377
834994,1264 JUAN ANDRES VIVANCO AMORIN,150103,118,99.159664,669.747843
835025,1262 EL AMAUTA JOSE C. MARIATEGUI,150103,98,98.989899,659.50489
835033,GRAN MARISCAL ANDRES AVELINO CACERES DORREGARAY,150111,148,90.243902,608.979892
835058,1265 SANTA ROSA DE LIMA,150103,47,90.384615,626.144531
835447,8167,150106,6,100.0,537.378402
835470,8168 LOS ANGELES DE NARANJAL,150106,58,95.081967,584.415548
841908,20321 SANTA ROSA,150801,115,98.290598,687.428088
842021,20833 SANTA ROSA DE LIMA,150811,8,88.888889,693.217201
842088,20335 NUESTRA SEÑORA DEL CARMEN,150806,81,96.428571,639.102402
842732,20827 MERCEDES INDACOCHEA LOZANO,150801,72,96.0,623.046706
842765,21006 FLOR DE MARIA DRAGO PERSIVALE,150801,50,96.153846,599.363587
846014,166 KAROL WOJTYLA,150132,168,98.245614,615.259634
846048,0167 MARIA REICHE,150132,28,87.5,608.676993
847087,0171-05 LOS ANGELES,150132,18,75.0,553.641399
855080,ENRIQUE MILLA OCHOA,150117,122,99.186992,610.547601
855114,3040 20 DE ABRIL,150117,83,98.809524,580.386021
855148,2022,150117,72,98.630137,629.798079
855171,2024,150117,160,96.385542,557.068331
855205,2025 INMACULADA CONCEPCION,150117,105,100.0,644.473668
855213,2033,150135,54,96.428571,672.242671
855247,NUEVO PERU,150117,73,98.648649,668.760998
855270,PROYECTO INTEGRAL CHAVARRIA,150117,57,95.0,597.852479
855684,20961,150713,7,100.0,495.455213
855791,FE Y ALEGRIA 43,70106,104,100.0,761.225159
864033,093 MANUELA FELICIA GOMEZ,150115,55,98.214286,549.500208
867028,20096,150802,5,100.0,711.975171
867143,20455 ANDRES AVELINO CACERES,150606,5,83.333333,514.569608
867234,20367 SAN AGUSTIN,150606,9,90.0,522.83086
869008,7263 ROXANITA CASTRO WITTING,150123,109,95.614035,711.164223
869032,MIGUEL GRAU SEMINARIO,150119,62,98.412698,580.23491
869040,7262 MI NUEVO PERU,150123,55,90.163934,549.174557
870345,7227 HORACIO ZEBALLOS GAMEZ,150133,13,92.857143,599.662945
870352,7229 LA MERCED DE LIMA,150133,25,92.592593,611.915468
870360,7230,150133,58,95.081967,590.618328
871251,7232 DANIEL ALCIDES CARRION,150142,38,100.0,554.91715
872127,7231,150143,35,87.5,618.828828
873679,7228 PERUANO CANADIENSE,150142,136,92.517007,628.176801
877720,CONTIGO PERU,150601,15,100.0,543.212543
882977,2035 CARLOS CHIYOTERU HIRAOKA,150117,32,96.969697,608.353639
882985,2072 MARIO VARGAS LLOSA,150135,48,92.307692,566.62523
882993,2073 JOSE OLAYA BALANDRA,150135,44,83.018868,683.756233
888479,20984-2,150303,5,100.0,515.472312
902049,1183 SAUL CANTORAL HUAMANI,150132,119,95.967742,602.088531
905000,20955-13,150716,34,89.473684,646.849853
910562,7264 DR MANUEL MIGUEL VALLE Y VALLE,150119,24,100.0,646.43227
915199,3047,150117,26,89.655172,614.906405
915223,3048,150135,23,92.0,540.73369
915504,1057 JOSE BAQUIJANO Y CARRILLO,150116,40,97.560976,664.794568
1008127,055,150115,32,94.117647,676.548972
1008218,JUAN VALER SANDOVAL,150137,30,93.75,602.370689
1009802,2074 VIRGEN PEREGRINA DEL ROSARIO,150135,89,93.684211,591.53513
1010107,NACIONAL DE MUJERES DEL RIMAC,150128,79,91.860465,571.80415
1019454,20098,150802,4,100.0,684.091653
1021112,20966,150501,9,81.818182,576.698556
1021195,20967,150501,3,60.0,423.095621
1033729,7233 MATSU UTSUMI,150143,54,96.428571,674.86826
1034339,8174,150106,40,100.0,634.113385
1038215,21629,150203,1,100.0,572.686539
1039940,1273 MI PERU,150137,86,91.489362,705.387166
1041276,1267,150118,65,84.415584,567.249375
1041318,1275,150118,29,87.878788,644.092536
1041359,1276,150118,42,91.304348,516.552418
1041391,1277,150118,63,98.4375,595.556628
1041433,1282 AYMON LA CRUZ LOPEZ,150118,38,95.0,644.974488
1041474,1284,150118,14,73.684211,570.706118
1044999,1268 GUSTAVO MOHME LLONA,150103,108,93.913043,559.266714
1045079,1270 JUAN EL BAUTISTA,150103,64,100.0,650.774226
1045111,1271,150103,41,91.111111,498.813705
1045194,1279,150103,81,93.103448,675.536929
1045277,1281,150103,21,91.304348,569.206729
1045319,1283 OKINAWA,150103,66,91.666667,584.513088
1045392,1285 MUNICIPAL AMAUTA II,150103,43,93.478261,555.142296
1053917,5182 SEÑOR DE LOS MILAGROS,150125,40,97.560976,657.907869
1053933,5187,150125,58,100.0,613.691132
1053958,5183 CARLOS MANUEL COX,150102,22,95.652174,466.550454
1054071,5186 REPUBLICA DE JAPON,150125,78,97.5,578.650373
1055185,21003,150812,39,95.121951,593.643082
1055839,7265,150123,120,97.560976,617.923822
1062942,0101 SHUJI KITAMURA,150137,176,97.777778,730.439486
1063023,LA PRADERA II,150111,63,95.454545,617.357756
1065622,1278 MIXTO LA MOLINA,150114,114,97.435897,659.671391
1065903,1287 VICTOR ANDRES BELAUNDE,150103,23,79.310345,583.594989
1065945,1286 HEROES DEL CENEPA,150114,30,88.235294,684.189566
1067354,VIRGEN DEL MORRO SOLAR,150108,86,98.850575,660.416921
1070275,0171-04,150132,98,100.0,698.733176
1070358,0171 08,150132,40,100.0,643.448489
1070390,0171-07 COVARRUBIA LAFUENTE,150132,40,86.956522,656.338884
1071257,7234,150142,27,90.0,675.133605
1072685,1168 HEROES DEL CENEPA,150101,94,95.918367,678.344195
1073998,VISION MUNDIAL,150101,21,100.0,633.927113
1076611,20955-14 SAGRADO CORAZON DE JESUS,150716,39,100.0,702.246765
1076751,21004-2,150407,28,100.0,597.147561
1076850,21013 CORONEL JUAN VALER SANDOVAL,150810,32,94.117647,664.1882880000001
1078054,21014,150811,24,100.0,513.443616
1080068,7087,150140,27,96.428571,637.457263
1083518,5116 DIVINO CREADOR,70106,69,98.571429,717.65907
1084987,SAN VICENTE,70101,27,100.0,567.300035
1085539,AGUSTIN DE HIPONA,70101,34,100.0,675.810547
1085919,6091 CESAR VALLEJO,150108,85,93.406593,608.725578
1086172,LOS INKAS,150108,53,94.642857,691.789914
1088400,2075 NUEVO AMANACER,150135,18,94.736842,573.904473
1091065,21571 SAN JUAN DE DIOS,150604,14,87.5,454.715842
1091180,EL ANGEL,150601,11,100.0,558.898488
1091982,100,150601,27,90.0,537.286858
1098102,JUAN PABLO VIZCARDO Y GUZMAN,150101,52,98.113208,546.303946
1115757,20955-17 SAN FRANCISCO DE JICAMARCA,150716,21,87.5,547.582776
1185644,LOS ALISOS,150135,26,100.0,595.135648
1191360,20955-15,150716,47,95.918367,575.556839
1194729,8182 JUAN VALER SANDOVAL,150106,29,76.315789,612.500373
1194885,8183 PITAGORAS,150125,111,97.368421,617.510838
1195114,5117 JORGE PORTOCARRERO REBAZA,70106,177,89.847716,640.556088
1195197,5119 VILLA EMILIA,70107,104,90.434783,657.550618
1195452,8184 SAN BENITO,150106,95,100.0,546.274346
1195478,5118 - CMDTE JUAN VALER SANDOVAL,70106,96,82.051282,721.109525
1195494,8185 JESUS EL NAZARENO,150139,24,82.758621,659.377748
1195841,7237 PERU VALLADOLID,150142,89,90.816327,654.931277
1195882,7235 MARISCAL ANDRES AVELINO CACERES,150143,9,100.0,697.218272
1196047,7236 MAX UHLE,150142,48,92.307692,666.930131
1196187,20970,150507,14,93.333333,665.561662
1196526,MANUEL GONZALES PRADA - CENTRO DE APLICACION,150142,26,100.0,605.234578
1217025,21502-2,150901,13,86.666667,663.989777
1218528,7238 SOLIDARIDAD PERU ALEMANIA,150142,57,100.0,567.672775
1222553,JUAN LINARES ROJAS,70101,67,62.037037,686.00891
1225481,21601 JORGE BASADRE GROHOMANN,150705,61,98.387097,619.998038
1225648,21602 MARIANO MELGAR,150705,5,100.0,646.507652
1226836,20973,150502,26,92.857143,543.274267
1234780,012 REPUBLICA DOMINICANA,150120,13,92.857143,544.441224
1238229,5120,70106,56,93.333333,721.019864
1238542,5121 PEDRO PLANAS,70106,79,89.772727,711.22718
1238708,5123 FRANCISCO BOLOGNESI CERVANTES,70106,64,96.969697,659.239313
1240357,7239 SANTISIMO SALVADOR,150123,57,95.0,605.297203
1241082,7241,150142,20,95.238095,516.278297
1242072,7240 JESUS DE NAZARETH,150142,48,97.959184,566.041636
1248061,8186 MARIA JESUS ESPINOZA MATOS,150110,31,100.0,523.791238
1248350,SAN VICENTE FERRER,150117,170,99.415205,731.479389
1248467,8181 HEROES DEL ALTO CENEPA,150110,16,76.190476,541.584453
1257278,20955-18 JERUSALEN,150716,13,76.470588,556.544784
1257310,20955-16,150716,11,84.615385,525.623496
1257435,20955-19,150716,67,98.529412,592.773357
1258649,117 SIGNOS DE FE,150132,89,98.888889,630.30213
1259019,8187,150139,36,94.736842,497.20251
1259399,20955-22,150716,25,86.206897,593.219469
1261742,CORONEL JUAN VALER SANDOVAL,150135,15,83.333333,612.9691
1262542,5125 CASUARINAS,70106,117,99.152542,631.214017
1264639,5124 LIBERTADOR SIMON BOLIVAR,70106,93,92.079208,703.597852
1268150,FE Y ALEGRIA 53,150103,85,92.391304,682.743919
1269083,5127 MARTIR JOSE OLAYA,70106,138,89.032258,730.67632
1273150,SAN JUAN MACIAS DE PACHACUTEC,70106,30,100.0,707.175079
1273234,COPRODELI SAN FRANCISCO SOLANO,70106,52,98.113208,864.359621
1273317,SAN MIGUEL,70101,30,100.0,775.491609
1279637,8193,150102,93,92.079208,664.080871
1313444,CORAZON DE JESUS DE JICAMARCA,150118,91,95.789474,655.166712
1320464,MANUEL CASALINO GRIEVE,150143,31,88.571429,602.298275
1323310,LIBERTADOR JOSE DE SAN MARTIN,150901,58,98.305085,642.079116
1325513,PABLO PATRON,150118,16,100.0,657.288156
1329788,FE Y ALEGRIA 65,150133,56,93.333333,527.730457
1343912,TUPAC AMARU,150115,36,97.297297,620.701387
1346725,8194 LOS DISCIPULOS DE JESUS,150125,13,100.0,650.650831
1347798,PADRE MIGUEL MARINA,150118,34,91.891892,624.366544
1350008,SANTA MARIA DEL BOSQUE,150106,32,88.888889,577.238119
1351410,7245 SAN JOSE OBRERO,150143,42,100.0,634.756809
1364967,5142 VIRGEN DE GUADALUPE,70106,64,95.522388,616.131861
1365816,SANTA MARIA DE LOS ANDES,150143,64,100.0,567.978241
1368075,20955-29 LOS JAZMINES,150716,22,88.0,523.767287
1380567,5122 JOSE ANDRES RAZURI ESTEVEZ,70106,87,98.863636,603.026183
1380682,SAN MARTIN DE PACHACUTEC,70106,35,100.0,712.439828
1380690,5128 SAGRADO CORAZON DE MARIA,70106,160,96.385542,665.443387
1381060,5130-2 VILLA DEL MAR,70107,19,86.363636,683.303579
1381078,5130 PACHACUTEC,70106,159,94.642857,688.070569
1381110,5129 VENCEDORES DE PACHACUTEC,70106,114,92.682927,616.823125
1381151,5130-1 LOS LICENCIADOS,70106,82,87.234043,671.213358
1381193,5130-4 CHAVINILLO,70107,52,88.135593,691.672051
1381342,5136 FERNANDO BELAUNDE TERRY,70101,17,89.473684,584.968864
1381359,5135 LA SALLE,70106,52,98.113208,630.720255
1381581,5130-3 VICTOR RAUL HAYA DE LA TORRE,70106,47,92.156863,648.379825
1381862,FE Y ALEGRIA 59,70106,76,98.701299,678.606238
1381979,5137,70106,56,87.5,647.53701
1382928,5141 DIVINO MAESTRO,70106,63,95.454545,655.005668
1383157,5140 PRESIDENTE DE LA REPUBLICA DE COLOMBIA - DR ALVARO URIBE VELEZ,70106,116,100.0,643.665765
1383181,5139 LAS COLINAS,70101,59,95.16129,707.686539
1390426,022 REPUBLICA DE GUATEMALA,150101,17,60.714286,521.086607
1391481,NUESTRA SEÑORA DEL CARMEN,150136,17,94.444444,600.323942
1399773,506-4,150407,4,80.0,573.062666
1405778,PEQUEÑA BELEN,150605,27,100.0,679.655084
1407212,SAN LUIS GONZAGA DE COPRODELI,150514,17,100.0,593.205983
1416783,SEÑOR DE LA SOLEDAD,150605,25,100.0,573.279745
1425982,5144 DIVINO CRISTO EN LAS ALTURAS,70106,41,89.130435,650.874302
1437714,5145,70106,70,89.74359,597.163581
1438027,ESCUELA HOGAR COMUNITARIA REGIONAL SAGRADA FAMILIA,70106,68,95.774648,624.220097
1442508,PROFAM,150139,27,100.0,608.858375
1451244,5146,70106,64,92.753623,652.077236
1453307,LUIS ALBERTO SANCHEZ,150110,10,100.0,712.390701
1454966,27 DE MARZO,150132,23,100.0,671.706731
1464650,LICEO NAVAL CAPITAN DE NAVIO JUAN FANNING GARCIA,150108,48,100.0,631.675726
1469766,ANDRES AVELINO CACERES,150303,8,100.0,820.159925
1472893,LICEO ESPAÑOL SAN JUAN BAUTISTA,150805,53,98.148148,637.496564
1474600,7242 DIVINO MAESTRO,150142,65,98.484848,603.214241
1474899,7266 LAS MERCEDES,150123,51,98.076923,578.894209
1475045,7243 REY JUAN CARLOS DE BORBON,150142,22,84.615385,610.46528
1475755,7267 SEÑOR DE LOS MILAGROS,150119,28,90.322581,583.307638
1482256,2040 JULIO VIZCARRA AYALA,150135,57,98.275862,605.960388
1482868,2020 SEÑOR DE LOS MILAGROS,150135,32,94.117647,541.568781
1495399,8188,150106,60,95.238095,599.309138
1497650,8191 VIRGEN DE ARANZAZU,150125,38,100.0,580.63893
1497817,8190,150106,67,88.157895,697.901674
1500982,10 DE MARZO,150132,56,96.551724,686.903647
1505759,HORACIO ZEBALLOS GAMES,150137,69,100.0,628.330432
1506823,FE Y ALEGRIA 58 MARY WARD,150118,89,96.73913,728.190836
1507276,1288 ALBERT EINSTEIN,150103,26,89.655172,677.905542
1507318,1289,150103,34,100.0,711.60052
1509496,1290 NUEVA AMERICA,150103,47,97.916667,611.11776
1510544,CORONEL JOSE JOAQUIN INCLAN,150108,214,98.165138,668.797178
1513951,ARQUITECTO FERNANDO BELAUNDE TERRY,150108,55,90.163934,719.620148
1517242,20974,150507,19,100.0,585.868881
1517549,20975 ANDRES AVELINO CACERES DORREGARAY,150501,14,100.0,685.703624
1517713,20976,150501,9,90.0,695.204303
1518752,LOS JARDINES DE MANCHAY,150123,41,100.0,621.798799
1520279,SANTA MARIA ASUNTA AL CIELO,70106,30,100.0,737.871785
1521517,21570 ESTRELLITA DE BELEN,150605,18,100.0,682.8777
1523034,21004-3,150407,9,100.0,584.332533
1523554,EL TREBOL DEL PACIFICO,150501,5,100.0,414.913973
1524800,20955-23 ANTENOR ORREGO ESPINOZA,150716,55,93.220339,563.977915
1524834,20955-26 INMACULADA CONCEPCION,150716,12,92.307692,529.264814
1524867,20955-24 JORGE GUEVARA MELLADO,150728,23,95.833333,647.42593
1524875,20955-25 MERCEDES CABANILLAS BUSTAMANTE,150728,12,85.714286,552.793622
1524958,20955-27 VERITATIS SPLENDOR,150716,32,100.0,755.564661
1525013,20955-28 FRANCISCO BOLOGNESI CERVANTES,150716,37,100.0,539.732622
1538461,FE Y ALEGRIA 76,70106,38,100.0,723.355876
1574532,DIVINO NIÑO DEL MILAGRO,150139,14,87.5,553.261008
1574557,NUESTRA SEÑORA DE LA PAZ,150102,25,100.0,614.185123
1574573,SAGRADA FAMILIA APOVA,150102,31,100.0,557.821739
1619204,5147,70106,40,90.909091,588.338779
1642008,5148,70106,21,87.5,707.631549
1653468,MUNDO FELIZ,150716,9,81.818182,461.997857
1665264,SANTA ROSA,150731,6,100.0,610.263377
1668722,SEMILLITAS DE VILLASOL,150716,39,90.697674,553.282265
1670579,MONSEÑOR RICARDO DURAND,70101,24,100.0,695.822442
1691864,665 SANTO DOMINGO DE HUARANGAL,150119,6,85.714286,602.000532
1695220,JOSEFA CARRILLO Y ALBORNOZ,150118,26,100.0,540.565604
1700616,NIÑOS DEL FUTURO,150201,5,100.0,522.249755
1720432,GOTITAS DE AMOR,150118,23,92.0,490.088206
1721448,SEMILLITAS DEL VALLECITO IV,150118,21,100.0,537.004834
